94.014502
9.036051
76.844907
63.640418
32.438693
93.383818
49.741271
7.360237
93.250465
19.954769
79.147202
98.668681
85.447442
16.039987
2.523703
87.170763
83.186793
46.301428
68.268028
94.422322
0.28965
49.167571
24.738662
82.432696
62.13706
18.217488
44.229791
3.105378
27.817503
83.835995
94.053094
64.915928
54.828423
47.245277
45.432979
10.050577
95.978068
74.56718
65.035783
9.117217
93.726682
49.420345
12.517196
44.458242
35.399545
0.399368
96.01035
60.886616
43.351862
76.57147
23.960158
62.474792
71.815179
6.741126
49.392916
38.559614
57.087391
58.555235
63.656984
79.119926
68.895503
43.0568
19.672052
21.733697
7.447515
49.399643
20.332831
63.132465
63.285344
17.935425
73.642627
19.24439
89.833212
100.372975
47.913362
42.252169
28.309327
71.436654
40.439266
95.282101
76.973474
57.13421
52.920411
94.673321
64.286746
8.339477
6.094375
30.524398
40.119096
53.540104
11.099394
18.05694
34.779163
43.553857
46.291764
17.954207
100.719278
65.206254
2.005987
25.132965
22.654342
4.537427
99.508544
29.691975
5.69551
71.251884
53.861434
10.337771
100.690975
4.443056
10.555092
65.786082
50.483702
85.825455
11.856332
64.93458
100.579943
40.999074
31.496574
73.370207
72.517611
23.454799
21.156569
96.855739
6.458119
52.614847
89.474988
79.127218
13.681398
53.56408
10.02804
18.790321
12.810068
52.609711
70.288954
59.899407
12.209613
53.225934
17.012291
14.244019
92.369853
73.888819
2.043942
6.448874
4.826572
30.341579
52.116706
22.632063
30.711965
83.990456
7.813694
93.660775
32.511934
16.359946
74.257807
44.530934
58.939813
55.470369
88.233077
9.74028
3.780898
34.914202
31.256327
22.451898
55.013555
69.496912
17.795327
9.841676
9.109271
26.058548
22.979343
64.775986
51.364315
78.506087
17.461124
44.404605
74.198114
93.389777
20.270918
90.55286
76.939934
100.702432
22.126035
92.026319
28.225607
45.129813
15.780251
68.915218
21.748095
66.126552
28.76241
75.002662
73.174695
76.821712
89.085705
64.375327
62.936638
9.673464
36.806823
24.808317
43.687186
8.026019
23.644307
27.113616
97.806361
67.249105
64.531229
100.290828
64.806515
76.306681
50.044302
32.93011
28.36799
7.89547
85.727818
32.052391
44.667197
36.252222
56.822559
11.278955
66.604866
86.169448
88.31888
52.002339
18.883134
27.518508
69.823874
45.246407
89.164313
87.039307
70.613081
63.52595
61.551241
51.025642
78.801046
98.235459
91.885608
29.581561
100.524649
35.202462
98.464105
88.607919
42.917347
10.214295
49.10236
76.314156
9.9774
78.552481
93.767957
90.452016
12.884001
55.897863
5.836159
56.588986
91.121749
51.887134
37.890842
14.210157
71.766235
28.030434
42.892423
30.925978
2.685058
53.341803
36.104153
94.43157
42.661165
75.520087
35.213024
94.019303
79.763902
35.123924
14.748283
22.900908
0.676974
78.181189
32.697526
21.188556
51.335795
0.401172
29.511427
28.155217
27.927054
89.211694
31.755585
26.30502
2.391728
20.188354
89.818272
35.992324
25.440524
40.133649
99.915698
50.095872
74.222557
80.967243
65.42901
21.227554
88.055186
12.421551
39.971971
48.099386
44.738427
40.373545
0.990187
28.551671
15.959691
19.528119
31.809643
1.438457
59.869749
59.482693
32.931236
26.223082
79.465922
9.315034
56.176896
45.642683
51.874205
27.703685
24.675866
27.707599
39.907678
41.140578
3.302147
62.783738
21.164265
81.81199
62.428044
6.096687
42.242034
75.297963
92.87446
52.942635
50.541134
98.342658
64.613833
2.588852
49.082264
1.031724
35.69204
68.434119
37.638961
83.234486
56.503405
65.531331
29.384638
65.712298
87.191645
70.920682
32.514572
57.477031
17.765524
71.768103
25.1172
25.881809
41.628087
21.489801
23.013092
76.850575
95.081477
64.127545
39.25738
48.898981
70.839971
91.908792
82.528823
4.409045
69.536381
95.492837
69.64555
61.371341
12.486412
42.099744
13.823022
100.407714
63.243774
24.592343
59.126753
28.50665
2.592631
44.399789
42.914904
44.389039
37.569173
68.201484
44.667688
94.682788
53.631599
64.153054
87.650226
64.588396
11.949642
14.483615
89.959304
52.034818
16.312438
7.732459
83.745777
96.190207
99.603625
37.465015
98.458099
43.158511
63.147692
19.148001
1.942876
46.578295
89.838232
81.578252
90.154461
89.865316
78.732227
88.222001
3.079677
50.454993
27.901443
2.872014
2.812532
26.399905
53.427546
9.432552
35.634705
23.060318
16.816186
12.698139
44.57817
22.514796
48.195711
34.545233
33.881124
41.697716
63.38141
61.515751
4.38794
50.407906
94.303406
79.665406
89.56026
72.197106
54.223433
98.135307
27.408727
37.90481
25.091682
47.222006
67.597682
8.858951
58.402521
2.605016
73.569939
64.917651
56.566483
65.903512
28.248366
94.567082
71.150845
77.800109
69.686821
70.404761
66.86151
70.236435
74.219539
49.251722
75.558174
97.830252
59.054614
50.276426
36.582517
88.149436
30.780963
56.318507
16.177296
90.703851
76.760593
43.987892
42.722469
99.652429
21.738597
79.282776
33.630215
20.978105
60.60755
85.469652
38.023622
40.297598
65.243428
38.03794
62.088987
97.988163
33.996031
73.484932
81.614739
70.829158
98.479828
68.090451
82.54058
2.127175
4.620011
58.398341
5.20532
52.487936
69.526801
47.441888
7.300983
40.937182
8.012018
29.975254
28.451835
81.996176
86.015624
88.993783
96.547133
42.855959
90.046313
32.486727
5.752466
96.519026
70.793372
95.633514
3.47659
37.556255
11.51388
6.797127
96.606586
14.387002
43.524484
48.70169
55.189541
4.269474
30.204202
13.51269
67.419017
42.935472
8.641252
91.599483
98.998052
52.19146
83.971905
16.761672
35.338846
42.396781
84.232371
76.419082
27.93518
33.754041
7.300884
0.690687
16.724004
66.912499
97.887205
6.771704
14.300724
56.993985
58.851826
46.402081
43.682616
18.838484
71.971958
79.476622
9.087825
10.765857
58.299109
85.846946
16.362901
97.146123
73.288994
99.920064
38.587262
82.737544
86.528695
73.661691
40.376319
23.747758
10.543514
12.852776
88.527322
16.826973
77.187258
37.856757
42.541803
20.225385
39.66136
45.788577
39.91445
77.666308
38.832933
67.530515
81.680027
93.701627
21.64811
27.136441
8.032603
86.136512
45.160249
22.568365
53.901477
9.950585
45.217519
22.634396
69.985886
81.384398
78.183909
8.766067
84.600209
22.36758
84.72903
14.25759
75.199667
33.593638
11.028054
77.904495
19.188041
11.05625
69.504482
53.866131
89.64333
40.936322
32.64497
67.625635
18.719164
80.747236
2.297068
31.150037
6.655278
14.446394
83.864132
79.290655
4.465795
10.763921
40.479849
65.081703
22.129799
42.510333
91.570618
3.619847
62.01668
63.051988
65.11585
87.279559
33.32995
86.169996
53.425231
31.270503
58.10883
68.825496
69.905474
21.478322
25.279547
12.977073
54.993198
28.868869
0.850797
78.98073
85.42552
27.265298
95.882024
9.09703
1.158994
28.3195
5.676404
41.580912
62.609891
64.42423
49.023533
93.438497
41.273161
64.432126
35.77561
96.341215
0.715016
96.892568
13.19712
81.340297
69.540248
85.930451
15.503336
20.121549
94.301177
81.480638
36.741077
67.480128
65.153884
44.506153
97.118323
29.136302
72.661988
14.892816
95.953101
92.696307
89.4155
38.012746
57.236957
70.599087
81.338842
29.039141
18.726462
86.020652
69.710872
88.194046
52.427891
34.217839
55.18422
35.624613
87.313299
16.118714
74.481439
20.273234
94.386647
13.830749
60.559311
56.256841
71.346578
91.806086
36.648522
13.11909
74.439423
78.419023
34.434684
23.465456
10.847535
6.098798
50.90493
47.116189
47.724417
90.391882
75.35085
25.519872
24.336452
66.36794
76.752823
99.334885
43.468642
6.781844
71.4989
14.58179
73.657954
64.487854
71.210325
14.541456
27.153461
33.623168
67.439165
91.150531
87.655516
17.527779
19.004878
46.862673
18.821575
76.024552
42.010494
45.298557
33.2905
17.17919
14.439163
49.069777
49.118693
30.863215
94.112105
57.501505
33.989567
98.477328
22.494055
33.815786
43.226524
23.222937
79.96434
97.406083
97.911186
76.14894
100.505895
19.22835
51.924072
43.104857
6.322892
89.932606
99.517795
20.065969
73.515222
10.883753
19.030018
46.156734
47.228943
97.184632
27.725597
52.224239
98.855319
94.463969
56.127288
0.245273
54.885185
77.609205
19.713742
53.0688
91.265925
32.037018
31.310412
89.404042
40.162094
10.115189
72.357622
39.050799
51.169953
16.464315
22.991885
51.470014
18.144545
66.958756
44.404215
45.395665
99.890654
43.106547
77.27668
71.150316
22.678044
63.158261
46.125333
46.534577
26.719991
42.657042
40.495172
50.317536
54.608193
2.170803
29.585851
82.78986
48.560334
79.031912
57.01915
94.17404
50.15889
81.14863
15.698392
41.842981
40.59484
37.287275
6.479921
83.068483
92.828265
7.159648
2.623459
21.927554
82.832962
61.199068
89.871597
16.903806
97.707339
78.803157
1.877576
89.20193
1.508745
99.097625
46.424731
89.597825
64.370204
99.407805
10.365247
95.403937
58.363973
49.061669
26.651267
63.096717
24.885814
65.987258
40.130184
61.749287
59.961073
58.009779
41.083922
88.051135
99.742216
75.386443
0.511955
97.384468
67.818318
82.021336
97.045781
51.407059
58.38389
84.875115
30.181869
69.369967
90.169371
26.803233
42.549019
69.538958
1.298645
0.182323
89.754748
54.068688
46.224992
31.876223
14.825213
35.178155
29.563898
95.815898
63.576213
3.785705
2.950058
73.180158
51.127019
25.974194
73.952865
2.546452
41.201104
75.089997
16.467299
11.475697
91.219406
93.329359
89.909306
35.397817
92.180544
29.496102
62.602617
58.305218
76.195685
96.278984
67.328265
80.619208
15.239273
18.393152
65.908676
56.303738
24.467107
60.068828
54.344187
12.453421
45.479731
72.92705
28.425768
66.494443
94.074772
74.180001
73.460505
72.410771
92.794065
89.315758
23.570027
81.06902
46.920207
1.533584
95.571647
56.860369
34.122709
41.087136
69.318883
98.455756
26.338072
29.978
93.803877
0.314427
17.93654
64.865703
58.865192
1.302488
84.064039
29.466725
4.022921
75.769492
91.143822
51.493763
23.421628
70.978996
55.523893
76.764179
39.531182
67.594137
33.298974
83.023355
4.133092
69.277336
45.08962
20.59925
80.302793
98.731737
43.151096
50.825761
63.259611
36.030376
24.651778
53.004134
87.353867
93.485374
9.008912
67.522259
57.31695
90.085187
37.514786
94.946011
67.517885
16.819997
49.470274
24.32021
78.754865
79.052771
59.39139
0.143741
29.068875
24.488259
49.589247
68.240813
16.71778
58.824418
90.277307
38.243701
87.905719
24.338247
88.596019
57.644641
45.304955
84.23899
68.577446
25.825146
99.223808
68.930714
25.801855
41.71613
89.952533
46.32601
7.504825
81.687852
26.83812
63.69454
53.553589
47.484197
4.067965
100.75615
45.363388
19.774322
10.525388
72.475322
36.394425
75.842066
7.388238
17.961898
90.922679
53.202924
56.608692
47.670287
96.663951
24.346245
32.751707
45.041799
84.61874
81.125395
81.375637
11.221319
42.384212
46.225991
90.542756
10.875109
100.640435
23.123428
60.245866
88.883366
78.403443
83.169576
54.932687
58.688118
10.485261
46.088524
90.946177
26.91234
4.817961
22.800454
65.057386
12.474293
50.738338
18.391655
0.174383
97.14463
95.671607
21.78355
92.397788
36.351094
1.755723
93.440934
63.758771
49.777784
31.39218
43.944529
88.692658
56.326014
57.960657
35.725003
68.816659
20.815981
95.60937
61.767983
74.409575
11.463308
53.229001
9.350553
89.673434
26.130378
95.626305
48.591321
0.586436
50.574974
54.564642
53.865789
26.503883
26.316545
79.890838
61.70222
60.122934
41.002299
0.110342
54.138119
72.367029
26.908314
41.686462
33.928225
31.48025
58.852019
77.904053
41.507014
55.60261
25.240296
98.221536
45.978941
18.513118
73.737571
46.829829
45.342223
59.888122
83.747344
72.689637
74.206961
68.419656
19.325591
27.863118
30.493206
35.930217
14.613487
49.605318
33.24646
3.514577
99.399047
18.534073
41.036992
22.068761
80.664241
40.559357
19.695678
45.107733
68.303188
97.186924
54.544004
76.319676
27.245825
32.612565
33.302848
18.425809
93.379765
4.582714
17.09427
49.778416
4.323423
67.004014
19.418746
12.07539
38.470279
73.186118
13.341978
66.313951
10.905544
18.254136
39.708773
75.529861
46.445821
31.022939
7.895348
24.624414
79.788138
22.140318
67.124388
30.192071
84.031217
49.996229
56.553492
34.312882
96.072873
16.572746
74.06328
20.773956
89.434188
68.094334
86.285699
57.91495
93.348703
78.960437
87.260856
58.44247
53.080375
88.450256
19.216998
58.654414
58.853176
85.699787
24.653655
6.696161
39.649548
94.100111
86.047602
88.949656
75.030264
41.809006
96.204587
4.283221
48.97401
74.326582
96.042663
62.979019
49.774945
74.606418
5.833831
79.658292
23.591547
27.737069
9.552621
14.628124
8.179711
88.967492
58.147479
90.814067
3.460924
21.582661
68.741014
13.267513
92.441111
15.678427
53.169897
79.301594
64.907986
79.428201
74.030247
13.850709
98.230167
48.023239
20.62973
25.550899
17.051352
92.416003
9.10133
85.678089
24.994889
83.221294
81.599337
76.752916
78.98853
8.812717
2.794883
52.089585
71.487031
73.072272
67.194179
28.886851
62.862734
49.873345
80.675725
87.456097
49.21408
91.03214
100.656981
77.150797
99.982956
54.559059
28.96483
52.467498
46.755555
80.911423
64.761186
38.393019
78.296736
19.26776
97.959788
72.209462
88.678768
71.834473
30.963716
49.778595
57.909411
15.892821
57.515066
28.519645
38.261504
13.821854
63.162588
56.856508
24.298345
31.917163
53.481128
43.78494
5.013944
73.335208
71.635987
21.593345
61.901175
22.933587
65.879748
45.599254
16.01282
93.504594
48.947209
23.323019
34.529491
44.65564
85.277139
17.795774
56.972131
3.663335
45.157608
20.593417
86.247492
12.266468
26.554617
54.231906
1.361114
20.278992
57.2533
3.912416
18.628403
6.128601
66.36681
98.113111
17.355858
57.145216
20.06168
41.521106
28.684743
6.986804
95.241356
0.562655
69.627902
21.011143
27.334418
32.736166
40.503392
79.034466
66.053432
7.499533
10.941128
3.614838
36.270753
14.21628
36.817561
96.102217
51.155043
55.490559
70.853227
76.276293
44.228638
94.102935
84.289016
99.422703
94.234659
42.559505
45.133079
55.932708
52.887115
22.725264
10.822457
86.020587
100.492762
35.657533
65.477508
54.191046
48.931747
12.727297
98.393079
72.460984
52.708698
30.180439
98.410596
46.094259
67.082106
59.230835
13.804259
49.190282
27.318836
91.342951
25.070207
56.602595
70.387256
39.002078
8.539872
56.685826
84.192597
98.928126
51.368463
27.777472
5.410021
46.69748
43.94574
73.560122
83.536325
48.330519
9.773092
42.677215
72.827807
52.494759
67.035824
86.937553
58.435632
0.870114
29.374306
31.670086
69.875376
2.872591
50.671311
88.413143
82.00805
85.120596
11.211737
62.822247
78.608825
63.909342
72.290792
6.645625
99.185701
9.122865
13.955303
88.537507
99.888431
64.045869
49.495028
8.725101
26.224344
25.911424
18.611843
76.053463
21.165466
1.592164
94.879639
94.139473
93.421807
58.509325
48.714691
88.916138
67.430528
17.604812
21.600252
54.571461
73.296679
62.763975
86.824394
40.295235
70.765196
6.348165
14.648932
50.588453
67.693135
27.590945
82.285703
41.408175
82.99225
34.806466
96.960933
69.916291
74.938791
8.891672
81.010807
74.859297
73.66661
18.794367
50.270166
26.421425
25.883091
2.01473
91.874848
30.060804
34.553599
76.728291
9.073562
56.067415
34.695177
31.775482
50.351795
90.584878
67.677101
84.148058
10.759398
13.77322
35.342823
80.950175
39.336461
89.40955
55.372342
34.836937
10.873449
55.679005
4.239411
60.4193
0.774501
62.20485
17.411791
89.318232
98.548767
12.317872
14.101081
27.052842
0.845085
22.247041
47.60838
17.819848
79.999147
45.238351
100.015627
85.80313
19.222872
74.491819
89.092643
64.736981
35.979367
96.239924
21.778285
47.087607
10.743989
27.167238
20.777009
15.5972
4.272147
74.906685
65.188206
60.194125
97.186367
21.698867
28.553699
87.181737
36.327222
11.691131
58.068583
62.864022
25.639934
20.626636
75.636653
51.593708
33.264465
7.277397
43.811113
83.415118
83.881337
86.994593
48.197404
8.850114
78.367241
76.98759
61.334734
10.935598
36.809565
10.037988
91.091635
28.659496
38.435157
26.390757
40.11471
38.586373
55.664979
39.162054
69.54106
87.427688
5.405446
92.512182
52.56319
23.484034
85.337494
3.855258
56.980185
93.797413
1.798187
95.936005
73.764897
40.933488
50.845008
4.041627
97.300539
87.425109
58.95297
49.089599
0.644635
77.812381
43.328445
12.152546
79.019954
6.602671
23.449996
54.748789
29.488865
9.043125
1.775857
43.394607
70.329728
24.618197
27.803226
18.293703
37.170576
57.68797
70.17391
28.951443
65.227247
23.890345
59.748537
11.063797
88.465901
61.924687
26.66033
2.492964
82.425505
94.960308
11.257643
61.774856
61.345023
48.34898
24.576493
88.701008
80.572121
10.687703
54.625536
31.141731
45.86169
88.870304
32.5728
97.19799
27.792077
65.563955
92.576215
24.334768
73.012346
26.624676
86.125819
4.12325
76.556394
62.255462
44.394237
96.989829
3.60694
38.78085
8.780054
72.293037
6.024063
83.856112
58.370594
34.657493
48.41528
49.349075
37.759569
70.291992
14.131862
75.633511
52.671748
1.155449
49.115905
78.188573
13.935787
25.334573
15.752577
99.813382
82.143889
93.137833
58.838228
53.314821
12.840416
94.197506
68.269411
5.277729
25.738109
56.629666
15.12321
51.952729
90.013189
88.14264
78.265166
84.683885
71.933611
93.75117
54.728421
82.304843
71.712884
100.667821
99.981261
94.522997
0.275418
2.792583
35.635515
24.581743
62.351222
20.275469
66.641656
67.169916
42.013531
21.342624
91.78253
59.713388
47.644878
76.345388
52.782645
55.906829
76.51091
91.193101
88.694631
3.466692
99.148632
10.720423
66.840072
56.29922
29.922021
33.627221
14.045534
81.862386
50.192796
54.310107
32.824416
62.604683
44.43386
64.332854
49.32784
40.316764
85.574385
61.859146
68.060411
99.289728
82.007985
53.62167
78.385707
89.087362
89.330557
83.051754
60.554889
37.933962
77.091296
44.234427
92.03686
46.118345
27.09992
65.214832
33.008518
59.308317
10.635869
27.059803
25.456306
37.562792
69.029348
87.96635
5.982719
99.894702
38.348186
21.591227
2.733634
16.876471
89.625464
23.530979
95.378674
5.205069
86.348242
32.77378
14.219348
53.217043
43.225275
31.942823
17.785898
81.139049
31.697812
61.790688
27.756986
63.87669
64.987752
8.325163
84.661822
60.751136
58.445694
18.666516
80.395984
65.710789
80.263721
64.956477
26.49074
82.375315
97.925227
88.141956
70.042868
15.10024
44.888105
54.475965
55.623106
20.275979
70.196836
35.386457
53.566529
95.349884
64.412005
65.43059
47.432308
63.826951
86.056502
20.229827
71.954887
85.458563
74.038817
26.873917
71.93975
37.159967
100.384079
1.165698
76.043178
62.996898
66.066587
26.275888
17.952696
97.474278
19.074333
95.020206
77.833083
10.867301
58.762997
89.380556
19.383051
34.426879
38.377793
0.164641
46.299162
65.934661
11.160894
45.931817
6.331293
58.871687
7.244694
83.098401
37.643916
18.389052
68.417704
92.242532
6.221756
68.643103
85.19607
60.715613
90.430013
98.803582
9.030817
64.91582
53.044717
67.50621
0.515296
12.397745
82.596304
16.672766
30.442056
74.084513
69.895182
98.550327
96.233253
5.198103
24.631904
87.321295
8.441334
97.954073
11.81485
54.442459
3.053845
91.844183
55.833297
22.392053
96.721224
83.631299
27.245243
55.5927
80.062384
89.853336
62.175686
49.003055
2.365994
6.38948
39.081313
33.496409
25.356409
0.157882
58.052165
66.801415
61.936369
75.836122
29.946629
30.895584
33.82687
62.14957
64.890386
44.742367
49.345532
43.127506
84.433023
78.276438
78.985469
69.935734
87.831985
90.481475
29.531155
29.927324
15.134886
50.52697
76.96229
87.234592
99.25279
69.580683
2.755409
87.735473
59.152983
41.613356
83.036603
46.838049
90.245505
70.882204
14.238125
33.063917
14.653997
53.103757
15.860535
4.667483
35.112905
99.757911
68.693734
99.280971
21.014307
84.665496
77.0105
90.101194
58.514159
68.281884
97.792002
20.807543
78.510785
3.457046
7.657619
95.102294
47.137501
58.544381
38.463979
66.182076
28.776939
26.592291
35.307217
46.559402
88.293805
76.77799
55.041508
81.824165
28.636483
75.924007
64.881908
78.643867
13.89428
69.359967
22.493195
15.823649
5.510791
51.267764
57.935415
27.724496
72.810763
72.609299
74.757914
10.416026
37.948926
28.308509
87.727246
3.221655
90.215557
73.797953
3.247122
25.753301
3.077254
23.200885
3.157023
32.832864
34.472255
26.968857
6.673795
89.895039
96.714909
58.021743
25.085379
19.366032
31.981117
44.41078
43.282518
4.061524
66.654695
33.160859
87.912177
88.304697
37.348779
59.510996
23.488733
0.502023
69.857992
78.235955
91.140861
26.992166
14.813598
38.338094
84.828838
58.770552
97.874821
100.507873
64.43161
32.950519
16.828084
53.007537
100.062667
65.056951
5.443957
29.837987
12.23899
90.109877
92.52447
2.973258
45.584639
80.320253
7.123347
30.559276
6.732728
48.661118
73.270814
9.048485
1.725344
48.279065
18.082184
15.931835
95.629666
10.892921
71.735639
10.659009
68.032787
83.181769
68.945523
74.117779
52.273675
25.305844
18.702744
80.679416
32.023162
97.621267
68.664199
37.591209
78.254572
36.662329
85.442756
85.066192
22.151202
31.052235
44.214129
33.309048
39.445095
41.674024
76.88597
22.223519
74.213116
14.653975
96.98052
49.294568
64.99407
28.113841
63.663291
52.30136
36.438101
4.248015
63.353971
73.159848
93.084688
93.050309
28.216799
68.988725
35.341218
82.129317
73.136529
0.16112
33.98813
36.822754
12.311206
56.397773
16.264878
39.950193
48.879191
35.019733
45.877943
7.006515
81.416827
23.083782
75.721211
56.865067
13.420308
42.248782
1.845303
48.06053
13.417607
42.531648
97.444503
78.851291
58.276852
81.900279
36.258618
36.202347
48.849102
70.624194
57.622872
31.793187
81.083673
52.700963
32.743702
42.04141
28.357803
56.77399
47.335611
59.071215
79.466894
13.404793
58.21164
54.320395
42.127735
46.316843
74.679663
48.367624
72.230159
91.912757
87.581644
95.224976
37.228343
88.536414
41.626989
7.861196
16.370476
20.308008
90.991864
22.733923
17.24221
71.215854
43.19974
71.539024
8.156969
5.250366
48.903974
41.180688
2.955322
34.858072
15.807835
69.944135
71.171637
69.28873
74.008155
69.458489
71.931307
28.825719
59.127759
59.589542
47.813146
47.621666
36.826698
87.636875
70.575901
6.474793
2.892575
33.242999
72.738039
31.056142
100.564027
65.019092
64.389027
95.483481
28.706833
49.273617
55.238362
32.370332
56.617689
18.064338
68.434999
21.17062
19.582331
47.509007
65.158219
2.506064
10.314491
88.578084
96.789779
76.697342
54.411901
84.314406
17.327448
34.775808
57.334217
75.229215
60.603124
38.578411
4.226297
81.673368
49.246278
70.867899
56.325467
78.90495
80.403126
6.230937
35.672331
81.126693
3.704295
87.285665
62.325219
41.409365
78.256104
71.055389
85.014327
90.356384
27.914327
10.084835
18.121783
21.450787
5.56731
51.174302
59.546388
41.837994
66.049279
42.578822
87.17295
96.932834
28.035692
43.508577
12.643075
21.137519
28.065075
24.606845
57.210136
69.212768
90.79883
30.940039
39.043801
34.77586
64.986935
71.586049
36.435272
74.399393
77.988406
56.617073
44.21141
87.834157
39.682099
90.276185
71.243306
45.338585
8.801603
7.367891
66.034471
29.165772
63.001533
4.334291
80.087707
87.166447
11.314035
1.859652
76.520722
16.782656
67.373701
17.565689
18.088373
63.513748
3.518891
35.764426
26.332291
79.614254
53.248211
21.242977
85.474112
40.912807
78.856388
27.495912
15.255834
24.729528
41.212675
22.306725
96.866619
58.548545
75.363048
85.028095
51.101789
17.831181
57.898234
48.802428
12.816766
64.528068
3.986492
84.201682
93.187009
53.672379
0.732644
16.886513
52.796653
38.923965
90.69712
86.363375
47.206039
91.829732
29.532218
74.513933
86.172062
92.276459
17.701752
24.058119
33.767734
53.075039
58.413965
29.590477
15.63678
83.810671
72.577564
10.629322
58.758996
68.393975
60.167166
20.947532
4.101996
2.134277
64.963021
10.391099
65.392377
85.938126
57.040943
93.883627
19.018166
81.13767
8.826587
93.73786
89.989227
46.72417
91.095801
25.721215
21.950927
12.148094
63.423102
87.776626
33.448822
69.745545
40.404012
50.749357
33.841995
13.719046
35.397057
26.91426
94.624404
77.360025
5.981294
53.097246
77.086235
95.616036
19.604146
30.999494
65.346219
28.554281
3.81988
56.541834
21.134553
78.828843
46.663609
9.332746
63.981266
23.889599
19.194589
89.296936
21.622829
50.773064
73.730617
17.583101
66.826565
89.160931
1.797279
36.100528
72.243075
64.321704
95.625811
2.448802
75.01272
51.860612
91.831754
94.544587
38.730969
35.077553
80.916645
10.174078
23.751295
23.558512
13.46394
78.1521
91.540675
59.464054
51.285085
17.502614
53.868918
72.030105
43.774644
46.795229
28.016913
51.923053
65.366949
67.679917
17.918284
52.35089
91.175494
2.62581
93.470075
87.066459
6.042622
100.760304
43.069484
28.059942
74.178204
83.67806
88.233493
18.774185
35.462042
68.494853
32.692525
12.812962
89.401771
82.46033
58.232764
21.799536
49.517731
3.170217
3.504665
3.555999
41.631637
15.826723
58.12635
58.857802
66.086155
40.617957
56.064977
19.796332
87.841125
22.51629
67.668797
62.308471
78.719821
71.109869
39.935299
46.141153
4.826127
9.779968
98.203693
7.585722
87.90115
41.300738
46.950437
99.982279
45.844672
40.712297
64.627461
11.49623
47.601679
22.36459
90.527633
63.006075
97.682226
63.841653
77.675409
77.075016
32.181938
98.197761
98.067364
55.66773
76.197878
80.365893
4.50519
61.415299
58.365611
15.5097
58.274766
53.306607
41.278918
89.788807
79.190302
32.627769
20.610164
72.291584
78.440697
30.269588
50.546377
70.332863
17.39009
47.879433
72.391987
19.741499
78.117336
100.661782
69.386039
98.098563
17.489945
47.150048
9.926694
91.682103
20.397015
49.013959
50.772514
6.07598
28.962908
29.699373
58.134281
83.726846
62.575869
0.584668
27.106155
98.073655
92.939875
18.323982
86.875015
31.080487
90.296198
96.051213
42.106062
7.263147
7.694547
68.225749
34.161664
28.005022
78.853203
29.410028
61.408572
65.91378
58.968953
30.089394
31.367297
20.18152
12.647326
67.067392
50.017107
76.309148
74.377898
65.91498
56.779899
87.901213
50.788089
57.964546
34.509691
77.671246
93.600776
72.820018
64.98531
26.742506
67.947273
40.362553
92.099477
9.345169
73.228906
83.414853
83.647261
48.23832
20.575221
84.619804
49.623236
9.462015
68.523769
10.38513
27.588815
85.297384
21.842849
90.213614
67.986692
32.927858
45.377378
58.79453
6.251367
79.899597
94.509704
89.067963
33.396737
44.003305
49.081631
51.748897
57.263627
43.725877
20.690787
23.822128
76.009462
25.072851
67.978241
70.773305
93.480026
43.826394
79.549753
55.6283
56.98563
49.979194
33.053019
14.053195
77.715882
65.466169
40.692489
12.862736
48.262921
43.880508
22.864416
24.548306
23.199162
30.684964
25.915166
91.272636
30.388524
74.398587
57.09557
26.694929
26.865097
88.95774
94.253013
88.631346
95.158945
8.094961
2.158438
79.210959
94.013055
24.879747
86.702743
2.62011
73.776138
61.719668
96.587874
33.868609
33.869387
20.347228
82.537827
52.16914
97.261633
29.038012
85.99789
41.564206
6.955508
43.750275
88.49475
5.244423
76.414281
60.49455
85.273019
64.28195
17.55094
14.462467
54.803422
11.427603
31.918278
79.918097
21.750843
96.850042
3.985268
53.128479
33.591704
32.390377
38.723915
84.335783
85.564224
66.797432
43.177322
49.020177
68.578201
70.789014
26.032549
9.378325
90.523181
30.738558
48.533912
22.057335
92.638499
80.935503
79.901216
52.242676
49.349161
65.160722
69.042867
60.027334
77.032302
100.873334
97.695677
85.916306
33.12848
82.368259
58.603015
25.532609
58.318827
74.89007
1.580899
24.665516
19.277297
7.638994
24.599531
17.895306
54.110315
49.450046
100.635939
58.839725
38.130571
85.478245
47.796844
88.704451
72.640306
29.035635
37.733792
16.694421
87.311847
0.31009
9.060167
88.489874
3.068969
61.850165
11.126585
80.275842
80.012244
29.438104
32.111274
6.319216
37.337314
89.043327
87.085666
63.650283
40.72325
86.584058
30.207571
62.191509
36.577336
54.185316
16.663059
95.732144
30.706839
89.099435
14.48373
60.266784
2.0068
35.863593
38.250184
18.327749
75.241384
65.902602
80.90138
92.284053
76.218649
64.474332
65.240265
17.341658
87.500948
59.710185
63.120002
8.115141
64.157246
28.033169
68.6471
68.320552
29.696858
5.05144
16.745794
37.820939
84.404388
44.400229
52.70678
90.937705
16.002181
21.412667
53.338483
34.673041
29.898737
36.01103
48.909873
16.529736
6.657566
75.909856
24.342496
8.506573
53.980276
36.978005
93.233446
15.1298
87.027988
76.357058
95.532066
92.03929
7.369602
68.731928
47.721008
29.215394
5.012765
43.599399
42.859164
85.407976
63.899537
33.683054
100.682033
93.45534
63.854466
84.629961
33.921397
71.254838
85.124461
93.36891
51.619447
13.378954
48.665138
78.720775
68.453258
67.01373
27.113114
62.919994
99.641198
80.908542
71.154118
46.594333
32.560192
39.07522
6.578199
16.423832
80.595836
59.397415
28.836647
18.078979
64.881974
98.836222
33.09178
26.455004
5.918349
52.789024
24.757346
27.125983
42.815424
30.758716
90.131732
81.126648
60.301606
6.5599
100.028328
3.242553
23.731231
22.243037
12.458938
57.524478
51.544137
9.648975
39.692262
52.028664
41.130732
100.616408
63.350247
28.535523
37.137358
97.215154
47.897666
35.03514
72.192478
92.723927
68.718547
61.466901
67.499467
31.462332
78.927592
25.792097
0.647764
54.716236
3.550277
3.311262
9.10298
91.091952
10.984131
31.742997
3.133312
4.661225
24.740228
100.082863
55.80209
70.652253
9.884845
31.706719
70.204369
59.859618
75.323111
63.615004
37.546533
53.773707
37.397493
64.772541
17.521185
89.45924
10.118775
92.434
30.174889
15.071353
55.541643
62.024171
57.614411
86.610323
9.615845
92.349269
40.702504
99.388248
14.134172
4.001904
71.679764
36.198451
35.464681
93.970778
24.865618
97.043041
76.514512
40.030835
70.007298
74.315273
100.219757
46.948718
81.979252
69.418868
74.970862
44.754751
72.559368
99.014894
53.845755
58.734836
7.865289
74.589898
61.383184
32.925608
33.527428
48.514565
15.042709
95.286929
81.915151
43.052475
22.890776
33.714131
13.443572
2.07287
98.330497
69.343813
100.220836
37.71543
64.927884
36.809864
59.620066
20.647882
8.729858
9.229673
65.419849
45.237531
73.859493
43.102236
19.417998
67.842622
87.583048
98.290114
40.190583
72.929179
74.159667
57.005029
47.333363
20.30907
83.609371
35.658308
80.348201
69.451367
32.890949
40.642234
59.007751
74.15315
83.634658
54.242366
69.408516
8.838568
80.944408
24.788722
52.906789
5.479752
34.664924
83.136542
13.424357
3.885231
54.37865
82.08616
9.535633
39.930644
8.438916
51.373843
91.146551
9.513681
4.675723
70.091223
100.333296
88.360958
40.545534
88.144019
50.881931
52.238976
44.695503
73.601997
32.190333
11.879151
65.688005
68.853455
96.454034
67.140783
5.739783
83.042777
72.513758
67.459137
11.359164
9.795806
46.70768
81.979303
79.162284
59.018219
84.327797
17.335137
17.643725
11.815241
15.199785
55.733949
74.360137
72.626964
6.78978
49.954638
3.142314
24.663654
89.010579
4.703191
31.962842
66.886987
51.834123
96.850241
94.143018
0.880484
34.408408
51.341705
82.681987
21.653345
97.403404
96.631142
73.934309
16.286325
38.27312
62.040821
15.345556
88.173045
60.141143
48.373075
56.866537
87.135419
21.390343
12.00443
28.394544
91.110701
79.198721
45.878868
85.632914
2.544092
82.772199
48.021796
80.528161
24.095602
27.400457
48.112887
55.950903
56.564789
72.344798
48.823935
9.428066
21.879182
11.269144
87.870822
61.337779
57.852715
87.373892
99.967173
92.38096
81.390776
28.946663
81.293948
77.353492
2.034491
82.478508
44.358228
8.731372
53.735213
33.048586
27.989763
3.148538
20.123978
6.721206
84.948521
41.902715
22.125448
12.137588
65.807533
82.178789
38.62419
10.974508
77.275203
77.415425
38.392845
68.4665
49.948684
37.45444
90.513732
28.899001
17.938494
53.265553
77.162269
17.48753
83.090619
63.62713
11.793032
1.296516
86.442252
92.30913
31.706475
70.165083
98.458527
99.164808
96.731569
90.850155
97.263019
4.872591
88.823505
57.449745
45.521923
58.721925
47.162158
77.026389
67.715038
96.415991
20.277543
35.945554
11.485132
86.82156
13.290882
21.64641
64.533522
1.341328
47.777745
32.994175
73.917915
28.696954
55.757833
40.620898
33.13202
20.474895
90.689877
13.722913
1.070034
73.850779
83.644746
23.246509
49.339442
35.935137
29.894709
14.349488
63.837198
0.445845
21.739627
7.946088
58.120421
21.214126
20.747847
60.110383
81.680375
55.655458
81.549773
26.295549
67.64835
25.731828
19.572556
34.413442
27.838797
80.476017
19.225393
80.527367
86.067937
70.586392
50.372751
86.644597
34.54955
45.975577
10.036166
14.957875
29.805283
23.008529
43.315423
18.534623
47.647671
24.551949
35.176854
3.439171
72.618103
47.619841
83.005621
74.092873
98.40895
85.17179
21.064024
39.381035
89.469549
98.827544
25.916202
46.345824
38.028509
41.124038
69.479688
92.535985
98.004235
61.127532
56.337182
86.8966
88.316124
98.672383
13.2722
86.552265
55.424275
54.603527
61.342276
39.080054
88.594846
70.188825
83.249886
2.073531
4.320811
89.281946
21.956614
46.395284
95.682849
85.316214
74.89772
54.156544
3.730626
55.367777
1.557427
73.58659
89.731729
56.975986
32.218876
53.351781
39.024669
65.846348
9.580153
64.928115
56.200657
63.402352
98.627896
39.932699
36.218086
90.606001
51.634586
51.625206
77.480244
7.392546
22.544207
14.265269
75.382608
73.572969
71.571145
22.94736
34.407676
88.578482
30.781422
31.582586
52.296843
55.27582
32.205049
62.551905
13.034799
74.435331
25.765793
12.549638
62.825872
42.708828
1.182164
51.042348
83.506083
22.730143
22.678323
70.934664
79.573181
36.960097
52.738774
33.358671
4.270175
43.374302
9.53342
97.73504
46.694468
43.857791
75.953596
57.142359
35.136894
91.729866
27.86155
64.113952
48.914295
35.642015
9.975194
84.390224
80.105172
49.025182
39.049138
72.971413
77.551692
26.10391
36.981668
8.431449
96.237265
12.016731
59.129234
74.409915
14.637718
47.35384
61.415588
36.077044
52.958344
37.543702
44.724127
60.626427
69.50125
74.719371
10.158782
28.247959
68.73692
49.106282
0.195126
48.690842
53.735925
99.781029
100.726861
28.830331
62.640117
64.124362
89.666286
35.316654
60.07285
48.858217
67.919735
36.988052
8.797448
45.132293
63.02074
51.927824
41.553094
69.4558
69.127969
70.389687
81.498227
96.155187
23.006195
93.698764
53.111737
9.000731
6.710035
22.481192
0.225611
23.973088
15.216149
7.503368
14.124328
12.573713
95.925091
45.083135
91.408447
57.333359
24.331497
71.696269
38.51999
93.149155
98.651646
97.846481
67.459749
37.42713
38.596796
33.193051
28.863357
91.368577
13.701176
83.180324
53.669475
23.768908
70.184016
91.690518
22.566805
83.886674
36.122179
63.059253
38.964703
94.937825
19.595452
98.896064
75.53582
24.341993
44.730438
19.421038
99.671179
98.743681
75.928007
20.289977
86.134949
88.732421
75.052297
84.928613
73.559768
17.569123
84.82609
78.646046
17.324581
62.086065
89.189868
76.146036
93.152913
5.044865
67.877084
75.050268
62.167396
92.775179
87.491381
74.419927
39.36344
98.687379
79.007509
68.307075
86.427344
88.116913
28.463033
49.738959
39.573823
1.6252
55.272876
69.983248
34.650623
51.542749
55.833745
84.708349
17.064319
72.66131
45.121175
20.924527
46.27527
63.995041
44.708929
91.644722
21.885787
7.377773
41.801093
15.24057
58.066771
48.863669
92.655493
20.495369
77.040197
2.021205
19.682501
30.068069
56.676975
84.56931
77.03254
44.530653
16.720039
84.156319
38.189872
34.93492
73.125575
80.732787
31.254651
54.56085
12.898059
69.863834
26.288077
14.171527
96.501896
59.624706
0.436017
99.00288
91.373337
4.768224
75.970485
10.575705
17.275924
55.326267
56.61018
81.602392
52.284313
96.527061
74.035858
5.631669
78.334151
57.332634
13.264843
26.656579
62.307256
74.390215
55.808627
65.679757
47.23855
51.837692
82.978187
58.074326
8.498317
92.953978
62.682981
65.652434
38.464795
29.852645
4.739752
61.000144
32.297676
8.564207
72.951615
25.220988
20.020537
23.929721
97.587134
83.76246
22.047587
53.157549
45.743357
14.110593
59.012101
28.160123
79.17748
67.627116
37.872727
100.170032
51.982919
26.122452
44.536618
75.208895
39.617993
69.249728
39.91275
40.428847
62.205315
11.444559
10.467447
88.98632
27.801773
20.027563
79.549502
91.72705
78.881568
77.276158
4.171128
60.956781
75.691559
30.372063
61.120751
83.681295
11.133906
91.349702
56.464503
69.322807
13.891364
18.595919
33.143564
70.932189
0.478128
12.946384
70.012922
9.005874
2.815337
30.221743
45.137315
57.842246
30.313489
80.519055
53.688085
22.717985
47.509707
90.467864
41.175142
21.468404
61.131605
85.850965
10.226921
50.778886
0.687101
57.773261
23.990612
78.131717
64.393145
16.880369
70.974562
85.615253
62.73852
6.132149
0.431949
60.115134
23.521327
33.879166
100.372746
50.50462
15.542706
74.323558
31.500279
98.003905
25.175703
52.275885
49.371762
61.175786
57.152856
64.435079
61.999843
51.092975
49.513974
78.236617
56.642463
1.205238
40.204404
79.376261
9.659596
58.299465
66.361612
58.501871
49.697577
1.26257
48.68255
1.87478
73.537744
41.238994
26.485764
46.720023
4.735414
49.340883
14.055289
26.383025
25.929084
73.531003
14.674383
42.610923
95.242178
29.814772
65.343508
4.72818
60.879965
15.769797
15.495604
25.800114
42.209473
40.815685
6.397614
95.254722
87.204705
39.472524
53.625871
96.212631
90.307374
67.176556
83.531837
26.477822
81.507077
4.840959
66.830893
6.2786
25.731976
71.304369
53.130159
26.297531
98.806199
29.32176
12.356263
16.428104
91.423918
8.711938
35.68156
38.145819
46.284158
35.022656
11.036756
93.541275
79.1049
52.67852
45.331247
88.498732
24.837957
6.254211
70.403615
88.486338
81.397354
71.533705
66.201306
34.582502
91.73148
75.484674
76.102144
51.56483
60.957157
26.929633
14.824196
54.858602
52.44762
64.877356
16.174474
41.699011
18.612619
91.721826
10.946227
16.204992
44.306414
90.099392
1.520683
27.498681
14.496302
21.417075
49.743893
83.825854
71.204637
97.933247
40.529309
24.637364
15.389862
20.100337
14.864459
35.772679
29.200074
76.069872
37.623436
73.975549
66.452999
22.088992
81.362625
27.370195
23.565149
39.685016
95.385556
59.61346
82.906028
8.816439
43.741526
20.873643
86.067445
5.486485
67.042821
66.333771
7.878331
85.300479
48.675767
51.883692
8.12637
61.305426
56.153828
47.925831
16.300792
48.451616
5.323041
57.639357
50.660393
78.101028
56.090733
2.730482
87.254981
90.062453
54.932879
17.720428
63.147445
19.117205
90.934288
58.934366
64.787431
25.731632
50.62955
2.066366
34.822157
94.422665
97.37646
84.783966
86.943419
95.775759
34.634247
59.271908
62.830028
79.423817
64.737589
94.275454
9.172087
21.696017
88.702258
10.528496
79.751287
64.118456
60.473711
70.456946
97.097942
61.08035
31.431438
7.940547
93.962426
4.757521
65.709807
86.353557
79.525373
11.223606
8.57773
97.571048
83.934468
98.972916
48.613149
46.767746
80.243081
86.075453
92.15078
37.25461
48.962547
53.30242
53.84096
16.401615
35.693585
1.968682
89.514833
41.223271
50.66434
1.587281
80.120582
27.193908
34.716496
90.816079
36.388162
17.128323
1.739472
61.657878
52.337503
51.138401
9.892415
11.770679
35.307075
6.794932
71.416656
27.070248
55.323444
74.774654
70.05469
85.732647
55.241229
79.846351
7.664932
97.364359
32.145189
61.202886
34.979792
11.371364
66.966252
53.351331
62.748322
54.993616
21.47502
82.679745
31.426576
57.372211
77.411226
26.481276
31.724918
64.437894
26.584551
64.21766
57.216376
27.12535
25.723342
66.084883
70.100586
24.370779
67.156172
11.640203
24.759709
77.560114
70.123225
44.995279
27.106487
34.392552
80.342461
37.884694
41.973498
34.399085
84.16257
40.935768
6.003675
53.445044
57.793729
12.024115
88.087826
78.155295
65.952647
47.656965
4.871254
53.569626
25.949022
27.441424
56.196527
83.516089
98.2834
64.857167
22.97375
29.079529
46.390625
29.958312
90.253124
4.138002
1.616029
76.127089
8.102741
21.417015
72.154079
98.972331
34.638902
4.320542
56.894519
49.851376
40.500943
48.182076
79.515571
98.704691
38.368083
52.879223
7.823605
6.774572
7.626559
62.791562
79.758306
30.056421
84.658514
57.399649
2.505392
82.226646
67.188461
49.196157
43.944673
12.705007
47.99586
36.149003
74.818967
60.009636
8.086662
74.207007
20.558377
16.783681
58.058122
87.645538
87.797386
9.666693
0.996664
49.93456
5.398752
10.218064
32.946724
23.971481
47.026793
28.57946
46.082051
21.208795
97.759819
51.000397
53.674559
81.447292
80.79591
61.229432
60.885613
34.543789
95.449843
31.487969
91.425039
14.724007
70.239673
70.148103
18.00088
90.528332
13.68619
32.430765
38.736114
13.633406
79.113938
32.624181
56.484331
78.321421
55.324082
35.282912
3.891423
86.750196
8.161712
16.930157
21.869899
43.09262
30.579285
46.869662
89.239752
23.711754
90.357488
57.191675
57.680495
5.112391
3.27736
81.245279
65.417609
47.096724
40.228686
78.126284
64.722102
2.660045
89.799778
7.207483
32.560419
22.948619
18.460647
44.203731
63.846401
89.704546
81.131904
2.079024
12.158791
59.719653
62.932888
66.874191
16.901616
3.139171
77.617843
5.21152
67.242616
88.974322
89.787663
48.39921
20.203591
54.576271
11.720094
94.401014
86.241796
67.699613
69.558877
5.687295
26.169374
61.197929
77.673459
63.981544
9.29288
65.453291
65.398589
11.501263
39.567691
62.691997
50.977115
87.646594
34.095191
14.966741
65.059621
97.730058
86.047146
87.916098
76.136
1.743262
90.122282
38.857174
97.892677
72.866811
21.164347
77.754174
78.97225
68.381694
20.652296
74.232873
80.544629
52.306158
66.260189
53.994128
51.250362
15.762625
36.245972
7.114842
49.65496
2.997979
64.756488
4.644369
33.033893
60.81462
61.6662
1.85427
45.678493
19.043736
18.674519
59.51805
18.300723
50.116585
62.114129
86.267558
94.533943
9.664565
44.700153
4.507316
63.484333
76.177038
89.417024
51.235937
8.513243
9.881931
5.906747
53.641835
17.885945
58.545482
99.678882
85.403095
64.374377
70.382087
89.710723
47.705351
77.798961
14.259263
65.292253
72.12663
41.394631
26.931062
70.491637
30.706561
15.735178
0.714797
33.336996
70.575541
13.467828
65.922164
70.161171
93.945683
0.398397
36.397571
51.941627
29.041689
84.525517
8.557839
78.758517
26.360171
43.409215
83.483443
47.771204
98.99657
98.226501
79.553411
18.94389
7.143713
6.875628
97.719333
30.632462
35.889479
70.314173
10.222309
11.859226
82.415193
77.035372
86.306009
36.813288
67.446869
86.287803
66.446709
94.64171
45.808714
80.395709
19.459375
39.166101
35.641115
92.158161
72.276033
99.068806
50.2125
50.405154
69.326551
29.74077
47.083247
85.505587
31.279928
3.959846
63.258612
10.997288
24.45291
48.311681
90.25769
77.12773
4.377193
7.910908
42.263783
69.124583
9.728151
57.758373
89.405593
38.582505
87.530623
53.863375
52.674994
87.285677
59.365557
97.29029
21.861428
91.878651
82.676394
8.927986
97.169524
18.500245
81.978059
13.57469
49.62873
87.21607
77.782452
90.932209
18.07086
47.557743
67.764374
72.011062
20.764796
44.362306
50.950061
73.285136
4.814678
98.590279
21.743292
66.324136
9.391054
88.793653
20.884132
28.221873
4.474279
88.971831
22.537392
99.79555
77.010385
77.939847
49.353995
98.434288
52.655065
36.717589
38.05301
20.132505
65.67138
33.416341
53.451577
54.452344
69.347807
93.61451
8.78026
39.112308
42.959807
93.106634
13.323148
71.681415
36.093197
41.281056
15.026288
84.688561
99.16463
59.432078
29.709225
60.824581
74.015985
93.19929
77.579257
48.056918
98.180288
99.323326
79.50151
37.597614
75.516519
48.062155
66.47631
83.267154
34.100987
73.841935
75.031762
57.54732
11.561319
31.90631
41.830822
40.931042
91.951704
35.146425
100.032999
79.006642
64.998552
46.958106
89.633924
87.542426
16.161362
64.20433
18.892813
19.156928
41.49415
54.504242
72.047779
61.600428
42.282103
34.392617
87.213479
68.918219
85.419866
94.094267
78.119217
74.263368
42.524801
49.573765
58.238031
65.212777
79.430674
63.253286
6.985595
68.862343
9.18334
35.305441
70.18439
3.030586
16.511624
22.589732
38.326007
34.387565
47.093254
51.377915
55.298585
18.079336
21.130478
91.999994
1.092891
80.221941
15.76047
83.902776
78.786376
87.407158
66.392868
23.637943
74.768986
68.166914
43.514912
26.873174
58.819134
94.814169
26.424394
53.086074
99.814896
94.053064
70.97832
78.901873
10.117843
86.193413
2.333021
62.022691
46.938493
87.339425
58.28684
5.197328
65.482651
65.363464
98.462695
5.123781
33.761588
22.502934
90.469128
68.322103
42.677646
79.682837
37.85684
43.090901
29.333168
49.525767
71.346582
8.951838
66.740501
40.152997
77.158997
83.107155
38.115772
11.413619
58.35033
68.261788
42.389621
23.828853
64.704951
18.280603
45.418701
60.689667
91.534676
85.129539
53.830735
97.141225
98.21587
83.975219
92.161232
37.640459
27.885984
85.697326
56.541795
53.616391
11.898622
92.754768
61.088542
97.33172
81.778059
58.624058
44.581485
94.30369
15.017224
18.262717
91.240376
8.109892
69.576444
67.564936
84.618208
56.978436
12.355963
51.726264
69.772575
86.779055
15.40762
90.377408
76.541637
68.920214
23.302663
73.084524
46.563721
89.897154
90.19962
83.691887
61.126259
57.206898
38.229458
18.12539
24.442907
29.531651
96.042412
25.536035
17.340908
37.193044
41.045333
62.759984
7.900515
62.037936
96.291604
49.465563
42.101969
26.228922
38.392965
78.155532
99.645212
54.522098
73.86
60.322376
24.362074
32.67515
11.320913
99.414241
54.481459
17.142492
44.976688
68.913442
58.977285
38.173542
50.165869
95.938917
34.556424
98.117767
77.289633
13.737528
40.650233
30.498467
60.850266
75.43956
83.836277
10.117989
62.888438
62.100369
79.551756
33.664095
45.405059
7.119493
28.302952
31.020583
72.605263
14.76891
93.872048
41.32138
66.611542
97.061289
56.857432
100.833206
19.609101
76.783975
79.593199
26.766742
20.233288
11.751132
72.258106
88.015618
14.60421
78.453322
88.307445
46.531239
41.127068
73.299375
0.283249
26.827911
22.603626
5.814965
79.013266
59.492539
88.92374
95.673238
54.039917
1.552384
64.941986
44.383887
5.954815
88.440619
80.811826
91.323585
9.073671
54.445023
54.218117
58.871145
0.462916
66.264309
37.317092
42.279629
50.175956
53.302159
99.192452
42.398802
17.133361
99.266028
30.061547
89.445645
3.59207
16.523675
96.483544
52.614752
65.257885
66.977346
30.909339
79.471048
14.453398
20.469997
72.729374
38.415592
72.466056
61.747056
34.100735
41.433755
59.077548
32.590995
75.46235
42.467324
93.953819
95.291596
87.315973
50.597865
98.62257
67.111771
49.523005
43.768216
14.171506
96.631349
94.761164
79.456946
39.946336
59.162157
50.436456
79.620556
79.132663
73.24779
35.514988
99.889969
34.53155
66.295616
84.555244
84.983097
9.867882
62.864287
82.853509
1.234338
23.748081
95.85137
95.741413
15.848451
51.048273
36.087249
66.437525
87.762102
51.005432
10.649135
48.053552
89.186305
36.924901
11.521919
34.366625
59.476533
40.266708
50.05166
88.382501
64.651521
6.721302
41.650596
26.214959
63.378893
19.640861
19.956217
86.05596
99.676873
16.156333
50.903455
22.463399
82.147731
20.076025
12.018257
82.361649
15.164823
81.269981
2.486733
97.955039
22.564379
78.68677
44.284029
72.205017
2.794585
61.677674
22.505611
26.489547
49.86144
75.03003
64.51346
65.370691
58.848632
78.568018
49.726012
38.329313
71.736648
6.967433
18.299966
99.37007
23.527465
82.1621
66.141622
17.848237
40.558122
45.753287
27.786998
16.341653
45.554958
37.667208
78.632572
44.269144
77.373932
14.309535
27.771263
78.419643
83.806696
87.628439
47.81819
56.111543
49.7513
85.540083
69.196762
13.587493
8.735518
91.859899
27.292509
76.35686
76.096211
42.644366
82.918616
41.472739
8.584049
36.522219
66.297071
96.786892
32.154794
50.156332
44.341036
5.420214
99.88105
27.195048
96.604143
85.41248
10.231303
54.534901
69.397532
64.111162
33.317392
38.166061
54.285105
66.921738
76.214595
2.891327
30.120195
96.297435
46.860063
63.326267
75.855091
0.891742
84.234953
91.139952
44.791509
62.546317
41.422835
66.331566
18.818798
18.994261
76.324725
17.365102
99.139861
71.251338
96.848058
86.532831
21.434095
56.319905
23.513875
45.760556
67.703124
8.663297
49.147779
28.827194
53.913388
46.680609
100.148003
0.638931
46.023203
96.397329
49.922095
24.461321
76.724645
64.584527
31.409998
88.128691
98.147176
38.315766
11.130532
65.670501
81.227223
58.64897
95.809062
6.195104
5.76168
66.314245
65.325898
54.579395
1.823796
27.591347
69.039142
93.721057
11.466146
25.790181
55.600079
77.973961
91.789832
22.798585
10.889568
55.562812
31.046936
75.527952
73.178662
78.131171
87.309976
4.22161
83.658031
33.953974
76.419094
6.832276
33.790953
52.540868
56.900264
10.472685
70.525454
48.36954
40.931065
77.767148
9.782224
18.245613
53.86816
23.16462
46.32826
74.744734
11.222455
38.086014
82.427396
92.357503
43.11432
92.60564
67.907548
69.493257
12.206858
99.561545
38.205085
14.577219
70.115774
29.597901
44.326024
9.850719
3.647822
33.109458
76.913876
71.766095
72.837739
100.21188
12.331506
93.910079
51.18884
56.500238
46.305249
1.695356
83.621979
23.767395
99.266275
48.893003
84.640688
9.327818
10.526093
26.1223
32.580492
45.588699
99.779483
36.020532
28.703686
97.353994
49.895651
76.596045
57.154226
74.802832
95.131264
88.66641
6.61829
28.438824
27.237623
49.334029
6.393884
76.057395
21.024273
26.407614
68.050636
92.260865
24.232881
66.88224
38.759134
47.706568
48.413994
12.514826
33.847158
61.456937
45.69971
75.777103
41.501724
100.594139
73.469644
92.076277
67.722153
29.485577
35.040665
18.750337
98.619024
99.190326
53.051262
42.26475
94.297875
12.051675
91.560689
40.611473
47.904061
36.001373
65.138746
61.503469
40.930956
75.654333
86.951872
1.297596
34.612284
69.555357
96.028224
85.84491
14.022889
10.474312
45.016887
38.687942
64.327994
38.736877
50.96774
95.425401
95.654146
59.74301
3.480834
45.896094
75.519748
56.116463
37.966701
71.766675
98.661701
86.343854
24.298171
76.092259
60.028912
53.310269
57.983469
61.646776
24.78074
90.76272
17.403516
73.095195
71.320718
29.580008
5.050094
81.952434
38.062684
0.58276
45.071558
87.823924
39.972085
41.102055
40.337415
1.492478
13.831269
70.990647
73.736315
21.59568
49.954227
28.910598
35.998666
52.696642
2.158948
83.113803
15.787604
83.611652
69.717939
31.786205
12.804253
29.516937
57.648792
40.398255
30.376797
36.22815
100.439982
49.305692
39.327853
36.850292
92.820159
7.597403
41.642754
24.612735
62.899277
94.207954
44.358482
77.419768
35.305083
70.058816
11.68492
49.656264
84.173204
49.886031
97.257312
85.682399
59.236802
78.591075
11.151938
69.392524
58.782197
69.119178
66.513406
28.277722
24.686657
9.205245
65.668494
23.479166
32.829722
44.748528
11.781615
60.582573
46.697639
45.878079
61.027866
74.864614
9.263896
42.718405
46.026592
82.913049
31.251982
55.811103
40.842083
19.264421
78.264079
43.815727
56.252441
85.126471
10.26305
70.922929
49.397706
6.230439
4.700246
10.153349
99.682091
53.469033
66.122323
67.075674
37.654631
18.878992
33.629161
12.457658
68.094878
95.364711
12.129267
17.517813
1.138811
74.825568
78.977237
1.011082
95.252615
71.522726
34.910691
32.545821
50.472887
48.916496
75.767869
99.917759
33.537858
48.77269
12.308848
80.097381
95.931963
30.514437
1.596289
86.126769
83.130462
58.884689
71.671669
31.256378
5.356169
77.256941
82.056147
14.953527
33.651243
36.678728
56.168859
90.067248
5.972733
64.400859
17.575535
83.809278
62.115138
67.275585
27.302555
28.899324
44.141367
11.88762
23.365086
84.449751
0.724873
58.485924
5.327541
69.990594
2.489167
13.008302
15.462488
54.186501
4.287973
100.20423
68.319085
17.57322
6.088496
8.72551
52.236267
57.62992
39.176525
28.0575
71.66577
1.452029
37.735466
55.887754
61.404138
29.985538
16.886108
68.545221
4.876877
80.979613
94.287909
92.993219
30.357842
42.394379
26.485289
59.206761
59.752919
68.985941
33.747272
74.93931
69.598147
14.574153
9.373675
68.783732
0.423534
81.851594
60.481586
63.277705
76.50449
14.82104
31.94836
4.466196
59.94459
44.535653
77.736274
72.970133
22.169101
38.246503
80.764026
99.465818
58.660227
40.248455
45.81541
29.972362
84.624026
58.87713
37.619647
84.443704
58.523924
13.097663
33.206484
17.6881
93.790062
35.493932
17.004223
72.630916
26.968133
95.837524
99.983683
44.479949
88.769143
26.761529
5.722839
9.377582
78.777537
82.126555
83.95795
88.821642
100.171178
15.084159
1.372936
14.533407
24.329903
74.144574
17.717174
42.220528
96.188398
29.968796
32.784121
86.072765
30.64063
88.316946
27.03433
32.212241
4.243449
73.078557
58.374303
84.141452
19.604428
11.644816
41.987111
80.282334
11.875453
27.406055
84.135321
57.627593
73.295614
85.750601
6.779949
61.222453
13.654641
89.493092
31.167159
31.798543
12.770739
44.733012
41.518369
55.074867
39.524891
40.928005
74.767563
97.740246
31.365816
59.119644
65.25525
2.474487
15.321235
57.357347
3.235039
99.609221
90.372354
33.019668
86.60617
69.154149
42.485168
59.999957
22.217725
55.220891
66.725037
59.058833
73.821076
72.248574
69.467063
58.289
75.764297
1.755014
22.371099
69.160973
45.422584
43.74955
98.837308
52.544383
79.623616
41.325335
29.466986
11.725363
62.18906
74.982744
64.575077
100.883813
12.943283
61.559492
73.181571
33.965804
79.925046
44.292789
15.88809
8.275645
28.955928
15.19552
87.775532
20.54687
97.825678
43.563088
5.91851
9.309554
51.250008
31.604425
12.07301
94.642189
69.50087
14.447339
56.509373
88.995171
41.616818
59.64239
93.494205
34.883846
81.592177
32.795439
86.341097
96.517741
18.615706
29.39743
79.742964
93.624652
84.859831
68.677491
88.708199
24.234978
86.338811
5.230448
64.244857
17.747381
88.442277
75.863134
51.20318
87.312204
53.232762
82.090454
23.920487
57.522549
25.550745
22.319658
90.575841
1.35259
64.688354
27.772196
34.392946
25.719892
63.839503
5.267561
56.211519
75.188509
76.14547
3.078851
9.392581
57.975057
28.385472
97.040896
9.102561
21.384843
100.757204
88.943769
70.948794
5.534458
77.91595
70.920626
59.684759
8.782493
2.533467
34.903293
77.947634
78.944103
24.266271
83.9896
5.77977
6.708791
66.355872
69.1729
63.89271
40.118803
37.157946
47.416151
64.215769
78.011142
32.104869
13.39989
57.088584
11.132365
7.157424
90.739865
30.24997
78.456762
79.564886
4.185179
39.680732
26.719946
100.424812
51.879657
83.884948
27.567599
68.095659
52.424095
78.253629
90.93788
78.132556
69.377429
88.487727
91.74507
9.543444
50.371583
44.359159
56.3874
73.506852
49.15669
49.2256
100.598229
23.937438
90.108611
89.879441
68.365029
56.610327
0.922264
95.960533
60.752877
66.704549
26.997874
14.776409
98.603119
20.655217
43.667713
43.668819
45.728876
41.849633
86.588909
33.613981
7.485128
31.765905
55.589255
99.886876
19.420242
17.593758
10.715341
58.727082
67.063296
14.914919
63.072759
90.901941
25.461455
55.209742
54.557877
60.512107
84.721093
95.221383
10.72418
89.142362
75.981125
22.169628
2.991759
9.850496
48.854226
47.413571
7.464321
42.794067
18.532692
3.09367
88.069169
50.344513
75.730028
36.141926
8.030909
18.349986
70.470243
35.638091
66.120589
99.154654
77.989416
39.377091
71.047695
38.729833
9.841603
49.977262
85.976016
5.875963
22.574991
37.990225
82.326485
35.803002
13.46981
74.733774
75.523305
8.250376
89.769863
100.806687
63.539628
3.068259
61.47452
36.712812
89.598062
61.270843
15.4326
68.965438
48.45321
22.345423
97.55522
60.741734
72.096721
86.875741
2.287433
65.5652
88.320393
55.800339
82.7958
65.696591
16.21582
78.787829
19.167513
89.601683
26.25624
22.157782
24.959792
23.081002
84.775188
31.084792
44.333176
16.587685
76.776464
8.73549
44.281272
29.878431
86.517354
18.123099
91.618852
43.320058
41.420199
66.527806
73.150203
13.767677
9.959806
78.4691
20.410584
4.19466
59.287669
77.263326
47.248655
61.887369
83.784477
25.975051
27.395318
23.221401
21.659307
39.391886
68.512112
68.589242
33.352236
70.279361
84.855929
68.952038
31.258087
91.626145
29.226883
82.596968
78.494887
73.151883
84.252611
73.502703
75.720608
7.680431
3.240693
96.163627
53.182736
51.705077
62.084381
71.653964
44.143587
21.222507
66.82954
29.997425
53.318383
1.926939
46.139637
14.879606
18.01184
66.899469
10.133713
75.916902
12.689527
43.607863
34.327706
18.141601
16.434895
39.470917
26.592385
58.22269
19.443571
96.003519
49.920125
55.407825
14.63305
84.757455
96.24011
58.034009
14.781334
6.816017
99.86214
37.224227
43.033079
44.927053
63.677321
70.268157
47.631041
34.894027
64.474302
37.172005
69.419986
92.650421
91.869759
46.698848
11.855139
38.151059
33.666243
85.555421
88.064463
87.373051
41.33622
60.480028
19.702177
25.924537
41.555586
51.733472
68.943519
45.944617
92.453338
79.958472
91.641806
2.858958
2.972629
5.993344
24.060289
54.501284
70.202146
72.938893
53.865176
78.001465
84.506143
8.227677
83.844323
85.1618
90.28074
32.923576
25.265259
66.563528
58.997794
43.876083
25.03363
76.838905
38.641588
99.529024
10.756893
92.754473
10.134102
12.694137
78.145097
35.097084
41.534729
51.018781
43.687214
5.907407
53.671795
58.706008
47.437188
8.808024
40.74955
49.228129
36.935072
95.495992
33.253494
26.680886
21.304498
76.38779
80.294698
65.27202
91.687386
58.837242
52.8175
10.83579
32.087162
58.672364
58.487504
66.177397
32.497897
76.915012
9.145234
56.776042
57.590998
91.607302
77.149068
38.575743
15.806686
30.657865
15.304943
22.046385
11.797051
68.428285
68.242863
89.806697
52.509871
3.726758
69.408476
27.348945
52.508569
34.191305
53.998316
89.740802
44.983993
9.602035
49.072411
63.876002
25.024636
72.057653
27.366477
5.715906
93.188177
58.68693
39.881654
38.455724
71.380542
91.641089
61.786982
35.447382
30.796961
39.465814
8.987648
66.915945
68.84886
11.400166
51.698064
55.339935
20.044528
89.308077
25.132228
27.208665
92.571458
69.599546
33.331802
23.566796
48.994597
37.845345
79.290881
25.158764
52.115649
59.143015
96.921405
83.844859
63.680382
0.642244
9.664461
7.879892
71.202975
45.716259
46.720939
56.950958
30.144829
85.417455
93.491154
36.138577
73.036056
9.047119
53.727904
34.428653
25.982742
20.074219
43.263202
39.953787
24.268153
67.119333
17.551799
4.702879
41.005196
30.640189
79.23133
49.746623
85.481557
53.442005
47.721762
68.448832
65.771034
31.287595
48.124059
23.325526
99.632313
54.61337
34.967297
85.621951
97.710029
51.151013
46.545347
14.975266
62.22634
36.745392
31.680128
35.166035
26.45426
44.387412
14.197819
73.958158
58.590316
25.716887
81.848671
17.068831
57.083308
70.087258
72.731634
11.670131
43.857107
77.332258
33.558649
16.155169
1.86327
2.901214
44.513148
5.275473
11.0719
21.55039
53.071943
21.188261
13.460605
29.034718
89.161274
95.619908
66.753512
76.168651
10.594754
96.627911
39.727943
3.479721
4.909156
11.932797
88.975498
32.813401
94.791087
55.513928
61.84446
32.189146
86.896311
14.964428
94.4327
82.564678
87.383157
36.392263
98.962291
38.012582
47.349901
81.092857
51.770253
66.352468
17.416717
30.860277
68.382197
16.19524
74.614743
65.719991
54.855583
32.468294
58.886586
90.231138
95.193059
26.472122
16.49839
68.417932
79.827476
38.150938
10.210149
36.083553
92.44251
63.56143
32.353766
24.467253
56.789646
20.42398
6.271387
71.15396
12.013753
29.819915
76.862817
13.08588
45.458088
45.502124
42.491913
70.871091
6.805702
39.435501
68.316104
90.993406
97.485717
36.868434
41.458687
3.64167
98.828746
7.793213
35.437489
83.040302
45.063687
22.713738
82.107726
5.146615
93.819769
25.727425
98.976643
12.264393
4.39382
65.001453
38.405994
66.901845
95.419739
73.375121
79.985072
82.42633
51.786278
15.643171
29.373556
81.964627
90.738689
56.127051
65.377501
1.015827
43.206473
1.181429
98.406303
43.602491
4.628164
68.406286
75.648808
34.070264
85.870014
95.820784
49.703383
82.718533
79.375241
37.77552
39.689479
8.450137
44.774173
25.397942
83.72653
19.717663
41.561368
44.701679
17.340266
71.517649
27.453979
79.350844
48.127372
26.598017
34.812811
87.308906
93.604709
18.406889
35.153938
73.012163
97.612403
36.505585
98.884416
77.12823
91.620323
45.082234
74.238556
20.645217
64.89368
5.209322
43.262855
49.448849
57.032834
36.330792
10.073219
85.856688
51.177014
9.704889
38.516483
27.871011
39.978806
68.410505
98.674257
84.185444
55.441971
28.020706
25.459787
80.35334
81.654878
51.045587
92.94774
40.495924
10.938605
9.471214
23.740022
46.176224
93.972634
44.070556
35.446384
68.901853
52.02669
79.027397
51.128908
57.78314
58.349393
89.220063
11.298294
77.199806
71.630378
32.677425
35.798615
38.950533
20.73794
80.738034
26.894187
63.038746
87.046968
39.30956
51.612614
35.744466
70.755456
66.875559
82.109024
73.929965
53.713074
89.424896
60.084071
9.84345
86.626782
73.754767
34.701975
49.195578
2.124538
72.197892
37.038364
93.654447
31.21042
17.068145
99.612759
86.733375
79.339188
25.611731
45.117365
7.93563
12.470628
10.584403
69.001125
50.858942
74.810908
29.183077
88.797458
14.12375
88.006253
10.354666
21.591438
78.059703
73.609326
63.521285
98.255144
30.923181
9.180773
55.708925
76.123695
79.000919
1.548236
76.379912
74.670444
49.457797
19.819373
25.113517
50.50931
72.554398
19.466354
20.795031
95.102089
34.094168
34.562416
52.099076
82.380118
8.945946
63.631138
5.633537
52.615384
3.303037
74.785047
49.539095
28.127825
99.226799
82.936628
65.649191
73.369958
33.295498
66.873239
90.711787
7.976978
66.480752
51.028173
80.441007
15.739601
65.159501
58.387184
85.373895
37.763257
51.387183
1.773822
27.476658
80.835666
14.495603
16.782188
19.479891
68.850353
32.498539
7.84705
90.860201
16.192239
92.572713
100.894941
29.998359
30.402043
60.537968
60.311262
74.022412
32.37819
6.911433
34.349944
74.439571
84.487691
23.143123
11.993265
48.772915
61.575302
34.232769
56.605188
53.792967
50.213087
80.500873
91.123385
74.400949
62.028468
50.164429
28.277586
13.717687
88.208075
31.285456
16.723391
4.654515
93.678666
43.561371
10.032221
66.613718
16.80913
2.507332
67.551819
47.824327
44.748178
9.576882
70.134187
0.409355
77.411654
87.729981
20.40436
75.595808
80.769851
97.761884
21.001569
95.250928
45.904292
32.566542
53.10648
43.525737
81.913727
78.65706
98.473791
39.237805
76.288538
0.94061
8.841331
100.417101
43.998444
23.066796
20.308233
12.513025
49.964602
80.653737
32.833867
90.453644
48.227564
56.245851
88.112137
72.098688
51.10414
72.284431
91.106697
75.668518
75.041882
32.586929
9.499732
86.890409
68.769053
18.929205
37.674671
18.799273
63.521063
81.746489
22.979337
77.532048
85.261835
40.213983
97.788751
9.025304
87.128972
79.06127
96.321102
62.970901
76.134091
68.702205
60.930177
78.230627
27.974972
22.058755
67.218314
30.788179
52.524292
6.039697
97.145442
37.549476
18.749707
52.362783
38.984412
65.518448
33.572136
7.516904
83.390639
3.304016
83.147691
32.80982
83.47499
22.390167
89.851781
32.079114
94.599973
44.793082
70.907993
34.227724
97.241537
76.284206
17.967631
17.855965
44.131535
51.319954
23.94004
57.408132
61.781835
50.254824
95.863062
60.085665
22.751008
97.347883
61.991255
38.34752
74.096811
43.535798
60.574046
15.409133
45.524416
22.438943
34.444757
8.526361
24.003593
49.578998
79.818568
98.72978
59.097664
28.440181
24.674136
71.043588
75.209973
39.453788
26.65873
88.306989
43.401081
6.116597
7.542967
89.83005
25.338955
12.740316
60.495566
53.153353
11.753376
14.029242
57.572496
48.13029
76.431019
9.307243
49.214281
70.646812
27.528494
46.074225
40.129479
37.236611
49.607776
28.805316
67.055131
27.734977
7.274865
67.215786
57.192372
39.424741
100.507368
16.344258
59.152894
41.936335
1.983628
1.451139
90.65717
32.8454
61.794044
16.092935
5.129269
34.883825
74.531899
90.112787
69.193581
34.357214
50.799583
62.86377
63.56341
42.007795
35.803751
99.877254
31.395596
57.4853
0.352608
50.273719
43.688303
95.242447
23.764949
15.446077
55.901668
58.158558
38.488708
28.334486
85.088628
45.827163
57.319578
75.82885
35.238465
57.702774
78.000657
17.128692
81.517784
44.237551
77.645351
74.389247
75.353348
41.538526
95.758624
44.000036
33.838078
54.047505
62.735571
15.882928
22.558352
44.485631
53.174504
57.065775
75.596218
25.849971
51.203468
45.601337
94.608253
1.188393
61.087849
1.563622
5.143467
30.393503
30.273905
47.446305
83.86324
93.571698
30.062915
24.564324
7.23492
16.868422
69.419741
37.509331
53.283215
94.704909
74.156807
69.79857
4.931945
36.141929
44.793411
51.872866
76.783721
40.759134
35.083935
42.37524
40.899229
23.088901
83.694716
74.070809
77.284318
36.669825
56.039584
51.207774
7.35581
89.111075
84.868829
5.654819
61.403217
64.758111
93.458339
66.420754
33.138267
18.409988
46.365316
34.086307
66.703528
6.121709
91.937593
91.115771
45.400003
15.955158
100.176724
16.402405
90.00248
56.3991
65.504295
27.19961
55.752889
0.314333
97.434864
78.903792
9.294385
66.793964
80.018029
95.983401
9.191215
77.167617
29.233874
23.841947
93.797246
31.786893
31.537475
70.836672
48.297674
63.268038
58.256031
64.178391
61.318204
87.709096
22.15352
60.989569
29.407128
0.257288
35.003807
67.383976
58.999919
12.710766
5.371448
89.382354
20.420773
45.685212
89.293194
92.10678
45.661656
18.975497
1.014187
24.297714
39.723291
71.543063
65.605358
10.024907
99.525469
89.623074
8.848477
77.401667
81.52296
87.984458
81.561514
77.829464
56.878811
93.838558
74.939123
64.915125
99.061163
77.959559
54.045916
46.554688
19.996762
61.571602
4.747879
68.873369
86.834774
59.724071
63.786499
44.241975
73.999035
81.067668
77.589322
81.021633
7.334494
34.595482
57.213119
20.168364
8.244698
31.963178
68.097909
90.703352
44.571973
8.38457
1.104238
78.838506
66.679222
15.686688
87.426446
16.374504
90.66312
4.702139
65.520833
70.459659
44.314522
31.539162
24.354231
94.697357
77.453688
52.628861
91.278334
0.114224
43.103268
62.20267
5.017134
28.749218
45.975789
40.873484
59.624015
31.602814
82.806931
81.108913
22.332887
5.073664
95.976876
64.364609
75.431621
97.506753
57.984161
13.146176
4.739467
11.58247
6.333848
73.263274
27.676151
81.004647
21.81898
79.090415
73.141581
0.120842
30.102812
1.377253
61.485895
94.854462
35.962407
64.163263
14.556869
26.718206
50.361994
82.37813
52.637801
62.753204
40.801151
72.014348
46.877604
56.95139
58.921148
60.829873
89.237153
34.20625
4.189414
12.951894
76.203389
12.601178
41.849905
93.752782
6.509879
65.981717
61.005623
56.270487
67.875612
13.29304
7.742426
10.393635
0.553353
27.604224
93.222648
52.182056
13.953354
80.172464
80.108281
99.03203
2.438101
69.098595
95.632906
86.163245
52.613112
61.457467
25.581755
2.715875
50.924797
31.160345
64.384423
29.820951
49.830108
82.009813
66.002892
79.532241
55.945399
61.758077
86.906864
55.973558
67.669858
46.426462
47.615972
22.067696
30.211656
24.384875
24.480878
40.476942
73.060025
63.957794
67.591309
63.142411
61.264235
45.490165
21.795439
84.115674
24.249697
90.766032
91.90312
22.424655
71.62344
0.512997
27.355284
66.521375
76.247812
90.400082
74.647539
54.876358
83.223031
28.589121
4.496103
18.382058
82.558789
95.615562
8.744441
90.6947
73.820684
29.568055
65.302067
29.141132
43.795679
3.005079
3.452291
55.794755
22.620504
51.205998
11.867638
36.067065
13.092186
75.785602
76.186777
51.677435
46.733619
88.237742
27.638461
51.432295
87.128266
50.771467
91.791847
4.419643
45.891426
74.317079
82.108975
41.15796
78.090926
47.89251
43.345887
84.31148
42.729386
6.807664
1.061719
37.807664
22.929111
82.329505
82.968784
68.788953
79.899619
33.262596
33.552764
50.579028
7.403541
85.603435
23.976544
13.855831
100.726046
59.643964
78.895382
42.954558
49.814813
1.454543
18.955832
16.123533
55.515364
50.122413
4.779092
31.996208
24.688431
80.802548
84.452872
31.415524
43.141005
67.229066
37.513434
61.545239
43.723438
15.045802
5.29068
28.411158
51.384293
61.82494
18.878234
90.152712
28.731248
50.214181
17.26369
53.47212
63.210721
76.849073
74.18702
80.348053
20.1805
88.743029
3.661519
22.992525
80.42727
62.204611
2.613465
88.505357
18.927204
36.160303
94.310455
26.592623
36.667218
65.640987
68.999612
34.854693
47.022006
37.0297
1.155881
39.846136
6.232144
5.315439
73.550071
44.795272
27.164477
24.206972
33.592361
44.632732
4.74376
41.926251
27.928125
40.136522
43.517312
42.877236
28.353914
26.635394
43.503449
56.226059
72.858732
66.083609
40.122764
51.104252
58.872339
51.700194
62.710318
26.238707
8.041215
23.118566
70.121707
73.346593
55.727757
1.967221
67.90242
29.684232
8.351866
95.27142
3.029359
63.542019
3.787788
73.96798
97.15036
38.234651
17.626352
72.155025
12.878781
20.330802
17.314902
50.809994
86.431975
56.811723
12.99721
11.889847
30.302286
57.230885
36.99109
76.545273
37.408961
58.855899
84.852343
17.612715
3.404843
56.489267
96.656007
82.561374
77.365924
84.096653
36.680297
4.262644
29.566459
87.760437
73.256094
0.615218
28.591269
1.076831
99.613432
24.403284
22.08574
33.83246
58.363311
79.659816
48.476047
45.027421
88.885875
37.072532
86.167869
93.149561
82.979393
78.403995
30.84569
94.250558
37.10507
23.299853
83.385772
39.810247
81.493387
64.079453
36.315412
69.303243
89.904119
11.946208
46.798255
65.625007
71.809989
84.887366
94.518038
22.67671
77.87629
17.738637
22.063814
35.780408
68.780047
4.486331
29.010698
20.561078
85.34303
40.311706
48.895575
6.81787
49.489066
63.06764
34.073319
23.148656
20.046476
20.701869
12.111607
16.001789
89.582678
89.514461
30.532861
49.372078
86.91378
48.632297
98.067251
41.800465
16.068462
28.947642
63.322369
53.874
54.039512
87.527062
70.516283
94.823994
63.116982
58.150103
47.843555
34.992502
21.642601
88.510061
21.789075
94.501035
24.586242
40.351243
7.600042
77.831074
82.602202
41.653003
96.48296
87.80005
67.567235
52.58269
90.619554
66.061958
8.533582
88.813052
31.059612
61.128026
65.855313
64.390673
37.921248
82.040682
100.530206
41.586371
38.853044
26.438953
66.992764
13.572302
99.824137
25.667212
54.568396
85.880173
7.94962
98.402078
29.755535
69.068741
30.03447
81.257854
93.775377
32.962157
37.918407
16.121818
44.051028
84.007004
29.084684
77.94747
85.867054
66.407882
13.017266
54.008198
34.027948
5.809575
11.25799
67.425209
57.067041
93.821116
43.847528
99.231611
70.835425
77.950026
66.678603
68.370276
46.10981
67.439752
99.966851
47.172331
85.218094
43.752465
94.884355
51.143351
62.166256
55.491256
61.669839
44.711557
67.195883
8.032679
64.486202
7.960642
78.940893
77.865656
67.805941
69.291587
0.164429
90.353111
54.213594
6.157528
77.264337
46.891061
50.337904
80.0232
93.313485
69.064945
44.188572
9.788966
71.811465
72.210681
29.657852
6.12912
88.810307
99.287235
36.598755
77.674808
34.971359
55.350811
8.56461
62.595602
66.006906
20.584938
13.324659
17.439405
38.747221
0.306324
62.702241
19.459316
92.724307
22.595591
91.487802
86.520873
95.747408
11.683301
89.711184
4.592683
0.796451
66.093938
76.547096
36.706093
96.812985
97.518639
83.019155
12.58254
85.171888
95.972532
98.655911
25.260664
0.748124
8.814384
28.8359
21.975491
15.248782
33.87839
13.479047
24.854574
47.315165
15.887931
30.920649
27.099028
89.239076
77.402721
83.327489
46.10011
29.342146
90.668139
13.843596
18.849301
35.07366
68.959583
57.172691
55.710872
41.607251
89.995695
43.50554
17.263625
77.04113
65.517759
50.640641
43.529431
43.955957
3.087115
91.526356
60.717274
38.909469
43.261453
0.943575
33.722526
15.176031
33.933742
86.51849
99.862285
88.736406
73.41799
14.658417
100.05673
11.702337
8.462765
99.193514
10.832108
7.55378
66.853132
93.800432
46.232208
35.780221
64.364369
51.713282
46.318356
9.378141
85.889073
5.314311
96.25119
14.778185
57.966494
15.45908
22.370307
24.429792
93.885227
68.612498
4.354019
30.330948
9.352461
25.357089
0.809233
33.903872
46.570565
41.283263
14.527749
57.427985
75.795088
91.738777
9.834802
42.633838
38.676041
44.042683
68.254556
98.473074
27.477152
49.782998
33.432532
52.48121
74.617733
24.692681
31.994787
42.129401
49.648239
71.891325
13.027878
28.284343
53.545555
47.600642
58.414146
79.762149
6.067747
53.285706
59.467116
54.28912
90.376162
49.010774
71.519576
94.752324
87.603362
92.260971
53.268477
79.807921
91.741122
14.001097
25.438321
94.110016
59.035065
96.933542
5.61974
36.130608
4.939389
99.598903
49.993498
98.919956
64.11021
14.871418
88.059878
30.502798
74.465537
34.926139
11.675438
1.653282
30.09233
77.007767
47.740881
54.782729
33.976662
80.699359
45.352844
51.489852
83.115578
31.24876
38.87509
83.865245
56.678533
13.083005
21.748559
53.840968
0.83088
94.572762
22.563615
44.7675
86.169448
67.07536
35.2076
21.63463
80.587519
72.977553
91.013883
81.494361
82.552409
41.366336
76.965753
2.124837
33.595365
27.679192
85.244874
35.664628
25.229772
63.905279
98.410454
86.151994
97.325915
92.162241
31.068408
52.62268
64.782247
100.75942
58.703626
38.775397
77.130492
92.909857
0.725887
18.208492
96.242518
13.273173
58.215577
84.934527
99.245076
27.187422
91.694304
44.75525
14.850051
91.932458
12.84922
6.421594
29.676121
72.929946
81.5241
60.04847
77.241885
73.991733
12.208146
69.56926
43.27989
34.602085
40.696404
69.23769
26.372965
25.152036
75.615771
74.835407
39.550051
46.837606
60.431302
85.310624
89.210383
1.790457
32.761726
42.854397
73.254043
18.899498
2.992478
74.796924
85.015993
27.478338
93.485507
27.293837
17.985424
20.967561
91.205785
42.345147
67.015181
32.673684
57.977604
57.277586
22.72519
0.575915
26.276294
38.167333
5.381377
38.353849
59.718761
92.733035
33.826122
43.405846
42.036082
20.677961
32.414265
97.122596
67.360448
2.727484
38.33659
72.000054
63.163723
46.844521
72.697809
49.968637
68.472236
84.888805
87.354136
4.637007
95.168723
0.759781
34.594464
88.712729
20.55236
59.170437
15.36303
47.870318
8.517856
32.06518
73.70175
31.641875
16.487677
34.444441
68.069085
29.524989
54.83749
29.907276
55.992489
26.878972
15.251647
18.78067
90.557442
19.619257
27.8512
94.137129
68.55189
20.882371
73.731748
26.964335
9.14875
91.051591
43.722597
8.662219
66.129627
65.855985
45.558687
80.569299
36.242576
80.24487
97.346073
17.37779
47.06901
3.282208
3.384651
81.587473
69.45914
2.981191
65.489427
80.224408
16.861994
21.224827
33.021828
53.536561
98.990043
33.072983
62.644891
69.112997
59.75014
14.152769
48.2087
11.661822
2.879072
20.763012
54.344654
45.072442
28.511155
38.714318
62.416652
71.516914
68.369288
39.343436
7.988785
66.911397
16.056224
17.109969
98.416547
31.555243
78.332577
15.02003
16.016661
80.242949
64.008487
7.210334
75.22789
18.30417
11.038312
81.573828
69.55771
82.341564
34.866968
33.992792
75.52719
95.970165
23.600603
36.390632
69.636905
69.68683
26.859707
10.773371
79.218664
28.092047
6.886588
4.148497
60.191792
83.967837
29.684927
99.72925
78.601458
59.342031
51.321401
62.787869
83.199085
69.55371
22.571265
34.017591
52.488581
81.417452
84.698728
59.853395
20.156576
24.469276
3.161745
91.010267
97.961608
75.486555
52.81153
95.416263
95.009959
73.634829
94.708093
58.989958
59.507853
48.637409
35.436759
39.765598
44.418393
19.360352
55.437725
23.008903
32.73974
85.108769
80.235724
78.24399
40.47999
43.73298
94.539342
40.736151
91.614786
95.811373
62.048789
100.472812
24.772519
96.510914
57.48859
99.692196
89.31064
35.444557
98.040451
31.511915
75.869281
16.732413
62.737611
55.862103
69.438467
17.437295
46.198444
57.497466
19.984895
25.706774
99.730854
8.131982
26.124383
58.471902
60.162176
44.742912
13.197158
34.249152
22.880522
25.736852
91.472062
66.750736
54.347602
22.09527
67.636569
2.400522
19.459992
63.851017
33.933787
64.022755
49.72773
42.499458
13.990826
74.814614
10.305873
99.784783
65.168204
48.782812
79.46093
89.192097
0.450429
28.436177
1.574983
37.828623
8.078363
76.542449
11.979121
13.775458
86.817107
60.277322
17.940825
26.506564
86.323564
26.952194
54.944665
79.158876
44.055811
80.194855
45.502675
44.313319
32.015762
17.943843
47.870743
66.865863
93.800757
84.296687
63.883592
62.085129
47.396326
23.959005
0.174499
98.461864
56.712547
90.468055
92.602322
50.465403
100.392466
28.687351
98.495066
99.846867
61.698706
50.92164
71.02336
97.098329
29.1427
43.858747
85.55701
97.585686
20.172594
40.622812
67.414076
56.893278
80.406999
7.064189
89.696891
76.049748
39.617194
89.141044
77.506074
30.928659
89.341725
100.817503
7.89328
40.778412
94.839618
75.521036
79.692993
50.31633
42.491611
63.630792
48.255423
56.903153
48.074522
17.175616
30.480872
1.988643
31.718545
11.078505
77.949691
87.391851
86.308854
88.063932
85.277859
91.091064
43.900774
31.722755
98.430548
51.753045
57.659358
35.544602
17.205582
73.846045
44.619574
91.966661
79.750962
15.184598
88.889045
30.176541
45.065812
21.661734
87.267632
3.314346
25.882307
5.664982
77.02221
55.787916
2.920042
47.042781
76.762807
46.460055
61.183946
81.530046
48.482623
87.153457
98.733028
49.596316
68.785064
24.444627
42.796338
56.623927
58.671824
56.79224
100.136291
11.076657
21.736225
81.903567
43.499012
28.332852
38.112574
19.986871
47.976232
12.268964
56.692495
34.631477
18.225544
5.557347
86.477933
9.885848
19.04734
95.115667
13.525848
84.287812
80.083454
60.685323
88.725182
91.491528
55.05358
44.752583
88.549527
27.251307
17.158271
22.799583
35.022014
94.806628
22.389854
7.655388
81.331769
65.415575
49.018146
56.525011
58.186465
59.559261
80.954354
96.061674
45.264012
50.563283
77.206307
25.756688
27.561644
47.714637
8.152428
47.339993
20.534783
42.971601
24.248788
60.480626
88.987683
4.631329
17.630602
72.282413
16.081931
74.696308
65.18513
14.819352
18.426975
7.720888
73.632992
29.939123
19.128643
10.956263
43.127477
38.569951
65.858679
63.461976
7.255737
10.120124
30.124614
19.286295
92.959025
99.352063
47.540049
8.136637
7.276973
87.474036
44.387396
59.409903
15.766097
81.167787
73.691334
31.918286
85.11246
76.643088
92.652673
95.775357
43.559837
24.383465
43.732054
23.931261
54.746714
34.158761
79.033932
3.50751
20.347965
75.019982
53.019633
51.508195
92.651572
14.870199
84.594876
71.101038
43.389972
89.343762
59.136066
76.115115
48.811658
19.820335
45.973621
61.729591
27.082433
61.653952
4.169059
56.138378
84.421192
6.387851
76.752138
81.647569
63.424764
11.605422
90.08943
53.544936
34.647783
36.271286
73.678655
81.704209
94.107154
56.519543
39.186059
8.159112
5.549442
79.446366
74.60611
73.205628
16.252294
52.244616
6.942061
82.31507
39.899278
4.149092
91.125289
17.484006
63.704273
42.441487
66.097681
11.893141
63.046217
73.201919
68.665434
21.629649
65.170146
93.149873
48.512354
71.57357
4.491674
92.710365
87.731902
2.271224
59.719674
45.454051
99.677825
47.911549
89.432342
46.115029
97.48739
46.298857
42.534638
56.691429
41.508997
48.946029
4.901476
90.212301
14.824681
10.590442
3.73876
59.189419
93.867566
100.770232
20.264203
13.514252
27.648981
86.764952
90.880777
71.407027
23.781109
78.576281
9.666809
26.881832
87.494452
58.130161
98.377994
93.602387
52.547506
99.545479
11.928349
1.410697
82.863124
54.358312
20.74328
82.778186
98.453337
85.676245
54.907124
45.097916
94.559554
3.550563
20.388969
80.687601
5.182124
0.707244
6.863221
45.258662
20.571141
7.041367
76.168387
74.319655
92.9354
83.153485
95.651886
3.778848
58.884673
24.734166
2.301928
6.76609
48.228468
81.774955
77.129318
25.582238
79.320922
73.714032
8.080012
27.079721
30.086356
80.200555
84.687881
55.59611
0.275849
0.608255
20.38135
19.165635
98.494373
13.811887
48.793569
15.663514
16.608523
54.260589
87.629824
81.541361
100.16836
69.075864
29.192219
60.768103
77.256698
41.943015
64.14585
95.374001
83.279422
97.724397
74.723123
97.69298
88.610299
43.814462
80.2647
82.956188
45.969668
60.128819
98.321837
32.472589
59.204422
92.915494
16.398629
89.403261
86.571713
82.302344
21.737047
23.037106
52.488234
66.763126
41.61954
30.877936
33.252938
17.606902
86.453194
90.367928
100.22921
18.588347
88.302833
3.11566
71.460138
48.21168
12.108528
51.804983
56.646741
60.883878
32.492587
78.470894
58.547551
45.247128
97.579022
77.952129
47.58925
65.121922
83.248144
54.000818
19.013686
4.974608
85.402184
22.781796
95.699858
83.026578
11.799015
9.389739
23.885038
9.972091
99.682666
85.281611
68.298711
75.996671
93.553
69.962082
43.001418
11.578477
24.195096
95.422347
33.1966
33.793872
81.777604
69.146834
83.566318
54.306046
0.373547
11.676692
16.520428
43.259927
35.352867
17.390991
51.339477
31.405478
88.237599
73.334475
40.766295
16.807612
45.682902
64.178115
10.365201
30.643131
93.079796
68.053321
34.9128
65.567673
14.884677
31.802577
86.155826
28.497936
82.466835
99.686532
74.678715
43.142894
4.024917
25.609717
68.544847
40.886875
67.745085
98.278558
27.658098
12.898376
4.231826
91.320445
2.670941
74.442668
16.571578
87.213647
8.869491
67.210086
67.961164
49.065799
51.940754
96.150859
85.322344
5.334073
46.882726
71.017374
58.776473
99.268659
8.388954
70.733302
5.65666
12.864814
60.533463
25.006363
35.753914
12.343548
69.378399
25.791113
4.114085
61.092732
43.118972
19.35446
36.988146
44.598227
88.967552
78.310573
70.055864
12.375342
32.621491
90.851336
16.598893
59.549165
6.720664
49.468288
13.972197
83.999042
77.036216
88.212208
83.350084
73.647742
98.107518
48.469113
99.976634
60.929541
90.529476
8.998067
70.058145
15.773828
4.173817
6.827186
74.926743
61.147222
3.506246
9.51779
70.719737
33.482934
41.222988
83.682182
33.827642
23.935568
21.67372
76.756602
56.676641
22.119815
48.451234
32.986628
40.694093
7.394473
71.998292
22.178765
52.173277
80.087892
68.965455
55.288893
55.730352
26.969553
14.062175
3.547369
33.022442
23.229071
26.903572
67.081624
1.190135
78.271369
64.748767
47.977465
61.861544
84.220494
58.144452
2.110171
34.3762
24.569634
42.486102
33.409808
29.583522
1.007672
80.990574
41.242646
37.151542
85.422791
69.294491
47.184915
87.480131
1.89071
6.684024
100.771029
53.551869
75.780865
31.556647
37.104671
24.165807
69.164573
18.697464
70.196038
49.782461
50.757718
44.248933
38.744347
25.036243
85.15295
45.689071
72.198854
73.030905
61.520058
89.00867
19.961313
96.640255
19.453599
78.798331
61.28449
23.581577
38.828431
54.77454
13.283801
85.286665
51.341716
45.981544
55.92938
67.339235
37.063466
85.51733
4.935896
7.786381
61.920721
75.957235
19.340721
47.925112
21.807499
23.497874
70.559012
73.084997
2.387703
70.922948
43.130367
14.729979
99.58471
36.087834
92.465456
25.7876
74.166733
70.085912
16.115516
38.119259
40.846659
99.926854
29.92858
46.592855
15.393675
8.741888
94.420258
70.603657
69.043321
85.411591
34.648386
14.95643
63.669818
70.543268
9.705533
18.006595
87.458388
51.399125
30.623698
51.947744
55.724844
31.214552
24.41666
21.037755
54.206198
2.759446
88.076334
72.739756
39.856209
97.409709
18.014942
72.004844
92.328627
38.205065
94.698194
47.724434
13.611095
1.451124
5.759212
66.193036
22.00279
21.084882
92.638633
78.154677
75.311127
86.063067
9.960447
78.966948
35.265824
18.648565
89.067726
85.990919
66.280372
46.959047
70.37448
59.437396
15.364712
30.039734
62.641194
21.521009
18.045847
61.404811
1.786378
2.101528
90.86905
38.885493
52.679161
7.262028
68.837584
80.645148
42.295453
61.724239
21.239787
97.141296
29.94149
77.775473
51.944889
79.891714
12.244688
10.924806
88.159431
92.64338
35.938264
58.015533
18.2055
76.04365
44.793284
99.991262
48.157728
90.583098
7.363794
7.332037
62.237944
47.178446
15.417106
74.056819
69.331064
91.899641
25.768455
58.843283
40.210962
16.77591
28.835713
69.899774
35.684901
23.960929
89.733151
94.131822
71.436405
68.847943
81.069261
49.452152
70.450457
47.270253
70.197352
14.49923
56.575801
4.522226
85.699256
93.242723
95.816163
14.052013
89.89716
79.491999
83.99245
1.805924
75.465978
32.816191
66.922851
16.559171
64.794004
7.402061
24.356991
9.414879
79.575656
47.917068
80.419284
17.029925
16.376055
12.685401
54.662976
41.905547
58.828667
54.92813
34.931031
65.584
38.717485
8.994507
0.247521
4.101186
87.834373
46.340582
20.829983
19.110735
31.924912
47.621919
28.986515
88.013308
98.065105
55.698982
83.823863
18.160868
72.753528
84.233506
95.031385
96.169119
52.847563
69.908809
54.780317
61.119607
59.882333
65.31602
72.177483
83.128713
7.253026
25.980484
52.573744
90.381039
42.76486
25.77835
44.479605
21.625463
20.557795
58.965801
86.459753
32.694648
93.732401
17.051704
35.172872
29.389649
49.712916
38.732021
32.596458
26.525145
41.987073
15.191025
71.771089
6.483789
100.088784
50.994763
19.558071
61.379301
10.873599
6.019824
64.140986
11.784385
18.781019
99.147143
70.967777
3.260629
13.678765
24.048239
21.173052
49.874544
13.692448
16.766588
1.778351
9.576159
100.113048
8.211302
37.458704
70.492821
42.176261
52.322029
32.805353
39.183144
94.166826
59.184539
4.570104
38.519518
68.433775
83.942316
99.80294
86.078767
46.934003
91.671113
57.706548
25.230732
2.017786
46.635651
59.717643
32.041803
2.681913
89.177115
94.934932
30.119071
91.964241
20.336332
80.548598
35.865179
73.593076
56.507381
38.485298
74.063762
94.296135
76.012583
33.171782
32.298301
75.267642
50.819676
73.111068
9.724366
89.769194
54.09095
0.854788
1.593547
9.784759
6.926334
47.498205
4.547573
87.563656
57.284063
36.666127
40.211702
60.141638
5.688741
89.386475
57.590005
86.775247
12.628883
1.875823
75.315801
4.557945
99.111477
43.398785
6.469403
7.646236
24.034661
43.524884
36.664398
90.958781
77.047678
30.015285
25.08162
38.328295
97.000715
4.566745
46.658277
58.32562
21.18926
0.707892
57.928478
22.366352
27.82121
41.805043
10.689182
57.638441
87.087345
17.516196
47.658731
9.301144
66.594327
47.547289
49.42041
100.243864
3.945871
8.879587
43.71991
87.415196
43.133919
73.001093
31.447452
1.665783
65.253073
65.529673
75.805773
57.35042
50.903634
68.278484
72.678968
9.939649
38.935514
67.554071
35.198259
62.819974
33.823618
18.440402
60.786191
37.612814
38.628677
73.370917
73.241665
77.966123
90.881714
100.316104
59.770053
97.000925
89.953481
39.259627
77.872511
88.194371
20.633196
49.57876
20.051315
35.826404
58.601708
42.826882
66.008329
6.985272
15.831977
62.697401
4.993812
75.374112
48.867395
89.15086
14.548475
66.435216
88.788527
0.49424
15.294752
90.003547
38.592229
4.498983
14.536352
34.496624
72.758072
24.672738
42.414578
83.476961
51.406422
88.609727
33.045976
63.393113
51.39436
67.45761
34.179837
95.836918
82.451129
19.824591
32.366288
37.445797
2.907604
91.774052
44.292982
86.28023
5.458597
37.129471
78.583283
85.805462
81.946508
93.741327
92.5806
4.918647
33.258799
46.457612
86.023132
40.278593
44.087253
99.559252
19.135758
42.851679
4.138113
25.762898
37.024297
10.152055
18.541036
11.300056
95.242959
55.524793
10.894896
79.757965
76.919683
96.844645
20.757119
79.677854
52.347053
51.41975
28.523755
48.796172
24.748796
94.201258
41.80813
88.687544
99.396636
2.880295
97.144272
53.954039
24.822149
11.806458
88.586278
77.473778
1.81893
63.08072
59.071922
37.770893
70.403051
98.023036
87.294518
64.640805
2.29032
99.663486
90.412127
45.827821
46.074993
1.761414
97.707725
85.517634
33.282946
87.535135
88.012178
81.550065
50.512216
62.323445
76.950224
22.09218
76.784004
68.302938
55.86814
72.292923
61.694816
96.402236
81.192295
99.502032
52.381271
41.475155
21.721094
20.622157
77.103386
65.199803
54.549035
5.862461
46.593323
17.455013
45.945454
66.246414
34.726163
15.307648
44.78115
8.427611
0.944023
30.86206
30.89268
58.330375
54.544918
76.884402
34.036581
51.434373
50.581086
27.835443
39.760588
35.859964
65.638578
13.034896
2.81534
82.138864
33.861501
29.192763
56.461595
47.514781
91.580422
12.608873
74.7966
59.067659
89.946448
33.333538
36.135559
30.290205
83.828192
96.143726
38.490273
19.539526
95.46853
59.929136
11.869858
9.256483
14.303284
6.122234
25.309369
75.196548
1.529064
54.574363
100.121695
79.915177
96.342168
89.530329
10.810107
41.174221
30.246033
45.589679
18.163164
47.327509
3.604727
23.500087
0.253506
88.372088
85.934849
10.103496
10.19886
87.842616
100.459007
93.933878
0.883023
83.610998
95.016805
95.989389
81.411399
8.086928
59.193965
56.692866
61.240195
41.630509
70.30109
25.646583
22.589433
53.929734
56.059741
79.119111
19.95191
52.466995
98.7331
67.645293
75.3356
50.164173
3.885965
35.528497
4.382872
70.175583
51.465755
62.187959
7.579682
36.442069
30.781641
83.236784
91.377417
61.941839
29.826309
39.537857
68.284527
52.350912
11.384299
68.732119
50.307634
75.174212
38.681645
39.855339
58.484109
41.966488
81.863044
43.820942
14.109364
3.570775
6.207765
49.974239
55.291303
31.432177
70.902263
74.675958
96.155158
82.812866
35.091136
11.229907
94.54501
32.51747
49.529339
44.784605
24.460053
30.081594
82.48083
94.946462
57.137899
2.667983
24.365261
79.24628
22.682546
56.398249
64.516092
89.721268
9.033263
35.860626
26.605351
98.037082
62.85265
66.588966
60.136382
37.085949
79.440639
16.376208
55.165811
59.233672
67.318939
14.668073
59.294821
51.948356
46.913799
15.318921
62.790482
85.379061
68.567888
2.115046
4.386933
25.401806
24.769207
30.513233
49.021002
87.10784
12.817507
94.89385
42.087527
11.658142
75.43193
87.76404
75.287876
39.680181
70.502642
94.752786
16.346726
11.378249
29.930064
42.095325
61.858396
61.751524
100.774603
23.059238
32.574623
66.212143
96.955002
45.640368
34.289085
60.215102
35.401003
11.813275
83.609206
19.275172
75.238776
27.340023
0.817612
17.230425
25.261553
92.631331
51.413838
1.891379
36.47208
28.828343
71.069771
68.6223
88.096354
38.11688
27.756527
30.109454
100.731604
72.02022
25.360406
35.664886
77.263838
79.565215
0.733251
63.536182
2.511749
59.893737
14.159496
27.98793
60.373229
36.61147
74.639688
16.653627
3.005757
29.30037
12.049146
10.938646
63.391453
65.668724
15.174168
4.438008
21.809876
80.751165
75.130877
24.445691
29.479093
67.470683
91.220426
20.571245
4.121745
77.769713
65.450041
4.130481
95.262418
61.738184
49.448376
71.066299
89.292187
29.216029
79.964719
68.344912
38.857103
23.448399
50.729118
95.091226
85.548229
26.134144
57.70598
93.96598
66.765831
87.980851
67.172884
10.727088
16.117613
94.383801
87.706739
43.944158
86.897833
78.688114
54.677743
6.615974
1.68489
100.096772
37.889223
10.328746
93.321809
41.473439
62.637636
93.888398
20.680531
44.841579
75.161122
56.695195
27.556332
60.326257
5.236213
78.477827
48.193116
96.384968
100.656193
27.85694
26.190751
83.437568
39.857594
81.725103
93.037037
70.371415
96.088695
17.478961
12.908435
76.010662
17.940373
41.305359
87.883003
18.402711
72.239788
36.702515
46.996875
39.020707
58.323836
92.783479
66.482474
58.783812
79.34128
98.099916
78.683665
63.279416
56.118135
37.789486
80.48755
92.662894
5.094593
21.134178
45.17419
32.187834
90.234572
95.536262
69.95991
63.389267
16.279743
23.072786
22.760914
68.088675
97.635125
87.477305
30.680454
51.326522
90.121425
63.51686
54.344556
43.671947
16.339599
46.575825
6.041223
24.718995
42.079612
18.513135
28.509389
62.971367
78.465068
79.814307
0.281245
88.708567
50.833842
73.208427
45.543818
80.1239
45.341713
38.121381
23.110017
67.17184
4.175567
37.816914
58.751929
53.008231
22.544512
86.342147
68.355902
97.206719
61.479828
41.185106
43.015277
26.009806
60.784293
100.665819
53.888153
28.179902
89.815639
4.20755
3.535226
93.851887
6.838462
19.440559
32.503553
92.480995
51.287225
88.324797
60.87976
54.331094
12.991727
23.871543
30.858272
52.449858
28.040052
41.878488
73.193948
60.083882
30.850668
45.728566
3.564826
30.584236
97.69363
87.765618
57.632032
42.000947
12.380891
82.321862
82.453761
52.052928
90.374964
69.941188
66.573293
35.174994
55.233902
32.043784
24.471292
93.765873
62.088899
14.22519
76.284831
4.345785
93.304525
81.916398
94.320423
58.328698
91.187897
76.515403
43.932188
24.441198
34.800108
16.798136
33.045929
80.968936
100.71384
38.750447
85.560968
27.766601
1.838219
23.398388
13.964911
64.353055
34.333034
60.166216
71.036468
86.310232
81.30205
41.624865
59.318159
81.646329
83.374551
40.88044
90.093523
92.913648
79.63859
94.284408
11.721448
72.684324
93.784755
66.203773
77.164953
63.413127
68.898141
83.375045
44.380983
84.223594
69.977321
71.237705
86.248567
61.734617
88.65124
97.638124
16.090775
31.121601
65.947495
53.38835
87.812623
80.948923
60.708212
34.304775
88.906226
33.954474
1.172536
56.19173
76.881601
70.015828
2.840643
27.353703
4.290071
24.474472
31.200408
61.609347
2.03279
48.808274
29.7908
63.817755
56.155816
100.517852
81.083781
51.42785
99.05549
23.793427
48.484179
40.335288
61.169197
0.865877
44.897006
55.785626
96.563015
59.167871
56.817785
83.953768
92.006782
19.575339
55.147226
1.266835
86.346418
75.271228
9.885941
83.244466
23.334807
76.225356
96.894389
48.236515
59.77526
17.279813
2.502407
71.517732
98.03607
27.746282
30.519913
53.355015
79.257967
26.390344
4.656243
59.942338
68.2036
66.703353
67.574207
55.591236
99.496185
9.549353
3.63871
100.215173
44.11192
79.886716
80.959123
55.952562
86.756523
86.708008
16.136015
77.612739
49.229467
74.503315
70.278541
65.501886
57.434105
8.919006
29.477127
85.546669
32.550689
19.849474
48.523211
76.597282
73.970698
8.502832
34.218007
74.700712
36.044768
49.029628
66.735316
10.652333
99.442642
11.355784
73.4069
2.452654
80.251738
7.757058
7.815724
62.217462
100.420168
61.89111
6.463337
57.713037
84.838027
56.981065
64.84344
82.372525
58.633146
92.282771
70.032752
44.874642
62.430461
22.151976
1.078944
37.190388
78.558189
18.559601
74.028934
72.633623
30.137418
73.470112
99.266658
17.065915
4.028139
34.349117
64.189687
4.943387
54.100534
3.94914
51.649512
64.942231
59.42075
72.587766
74.219064
56.880526
24.325734
31.068344
9.036018
26.961435
35.259213
22.399621
95.694389
99.00374
70.090485
55.208915
72.578057
13.61315
80.573376
52.30822
58.60817
15.989115
20.96367
53.808704
80.568027
11.861628
4.150295
92.727187
57.930775
12.676807
31.362527
80.220352
29.668802
43.701363
83.305755
30.055957
10.35179
81.479037
4.433015
26.199267
0.464129
22.639689
30.325671
66.29174
18.26188
32.39083
50.100025
23.615127
78.787494
45.009225
97.418576
22.85764
80.078858
92.418733
68.214418
100.616666
16.765555
40.751214
72.290619
87.333199
22.578016
82.834418
66.366632
7.696903
13.522456
28.642096
89.50776
91.856318
85.664897
55.112176
11.661488
26.737141
69.493703
95.183675
53.559778
80.061018
67.205781
92.996064
24.304639
35.719819
4.944364
92.298554
24.678767
19.957905
50.495197
42.820628
43.081863
63.304438
42.19743
90.69494
79.549351
22.63549
13.461807
77.343822
16.110291
30.335729
89.823349
23.307667
87.010308
9.558305
10.313538
44.617062
59.781498
67.042504
70.53143
29.761312
1.278944
7.644792
98.352389
54.438302
68.301003
48.396859
25.235217
76.173891
87.706036
49.807347
78.88341
78.929473
11.805405
72.918607
37.221212
26.708649
42.09685
63.271183
86.322646
79.553772
57.556476
78.299965
62.341799
27.231179
92.145214
12.426581
6.967073
68.408075
99.671156
36.295575
91.441698
47.387545
71.704707
43.830688
55.06904
76.990848
76.241121
10.321581
97.781373
30.666813
3.602645
87.540977
45.517052
63.130256
97.462054
58.875417
95.066375
20.695895
48.875652
14.787213
31.316406
40.05511
55.300563
0.644968
75.787442
97.798676
68.048241
100.098325
83.929823
65.216401
27.808056
49.119728
63.788113
2.827048
57.955828
72.669924
58.265056
59.118575
70.000069
67.782598
68.968972
44.171303
29.39946
61.401702
69.29899
93.224634
86.483828
77.013063
84.883328
45.235447
45.936931
5.977828
90.020577
83.560969
53.039152
33.809563
7.228366
43.74737
98.369447
74.238331
90.240884
30.210919
37.914201
97.277461
98.158133
49.97567
61.63444
93.757703
10.216266
65.016993
24.444478
15.678731
79.879693
10.169143
18.013841
49.227085
54.570394
49.843267
67.158923
21.969336
87.620936
41.407931
31.636971
83.378281
20.084602
45.759324
79.131497
66.622189
30.128968
14.520647
97.295739
68.509796
88.779201
12.007513
39.434538
39.113544
90.49746
32.269516
88.779485
78.161059
85.378438
82.393746
41.069504
51.844234
39.671021
30.7372
58.264407
80.199386
10.448167
20.632287
16.24816
82.713194
49.092048
56.711285
3.285689
30.027689
37.576264
82.237053
5.603009
48.477662
31.661018
87.459573
89.38298
48.786446
91.808622
81.206658
50.436776
27.894988
75.629426
25.454088
29.055449
51.457748
15.439584
91.663653
62.108186
97.480442
35.446451
95.423268
45.873791
87.801389
5.408344
2.157749
33.097069
23.065265
58.914788
23.413332
45.362584
32.399442
37.182795
91.249001
22.490603
65.72873
11.583298
37.882456
38.034475
14.564383
68.223928
18.779917
96.970896
2.865936
30.49818
6.662059
59.121398
99.489917
7.47451
76.828743
59.603125
72.228024
23.044884
98.237808
10.812758
78.019556
70.559987
76.692137
78.008055
66.752514
99.634952
73.96592
55.066606
59.235876
93.265002
10.894661
85.212608
42.682739
38.018563
58.29204
60.617631
14.417508
14.85028
82.130732
21.204989
23.212398
40.990802
42.988655
85.883647
66.568372
31.334445
14.072181
12.466835
58.862782
43.047697
0.237041
42.548499
4.596649
43.112681
97.906662
74.393526
91.522939
1.914553
44.737988
97.281893
5.164112
53.449209
89.762558
65.773709
72.105862
39.689824
86.614131
76.301862
26.804968
7.510719
3.271062
70.344107
48.713098
1.909072
95.419359
56.06807
65.851924
86.178581
7.072745
48.032657
51.454563
8.447543
33.336527
42.90029
88.114949
61.618902
15.724323
82.441866
27.561724
9.393483
86.911959
82.741169
68.139841
41.679174
28.84707
13.335932
6.077212
21.228396
56.374134
28.881049
83.176417
18.611545
57.601117
82.99033
78.737679
22.548316
74.421926
29.539213
50.375145
49.871021
23.718896
16.474866
99.768179
90.05444
95.596556
41.114155
67.807153
70.799521
82.983016
98.242488
37.780998
94.802613
100.533689
77.354921
53.28298
4.885482
11.516658
93.520826
74.842895
15.870715
65.356738
44.889993
81.40979
82.8099
46.783777
50.403855
35.792953
10.208875
63.294691
85.617691
23.88077
74.273827
56.305456
73.60584
43.979075
93.159028
13.254618
63.716184
24.372141
31.861385
21.994331
28.462712
36.13267
85.965932
22.732927
89.468306
52.397897
22.723964
66.615192
77.180743
0.290083
35.759581
2.66235
67.267988
20.810492
28.969941
2.91201
97.253585
88.206558
72.413245
27.851395
73.849785
26.069587
49.598579
8.710777
64.03901
56.49919
66.630827
73.817792
88.20513
52.350928
19.307175
54.453083
26.203135
99.355585
28.60889
48.551778
60.295822
43.198133
65.653446
22.594145
32.907882
77.774728
24.985945
94.389229
81.303349
72.805035
25.679347
15.647031
32.186174
5.558682
24.494284
86.475876
61.253412
35.709949
41.932094
79.183187
18.09088
49.766561
51.515211
88.745212
0.652273
16.906898
16.393313
96.389338
81.464044
51.241675
59.45633
13.695037
90.399733
93.882657
51.264919
27.500653
19.469449
56.881546
36.886749
36.966476
16.357477
53.463597
30.322251
76.436737
14.945742
45.285413
28.009582
46.402655
62.293146
90.731979
81.84169
36.472772
97.992899
96.552841
45.260593
83.6162
83.810277
13.862103
15.75285
63.389323
47.446693
68.106926
98.006873
30.128293
98.32146
16.05703
5.032345
43.765967
42.172464
67.172015
55.095826
54.45771
100.467075
39.092841
49.60657
90.946422
90.074139
25.512903
7.71468
41.076204
32.750553
50.931825
10.660977
17.238812
12.414873
35.960631
45.607573
16.54473
64.223678
55.670369
95.515249
68.750712
82.698719
76.709364
18.689856
89.862321
75.025174
14.908473
56.52168
33.98147
11.965388
98.033459
7.950907
61.003944
63.429058
44.84131
79.542868
40.962768
10.713872
8.222019
86.059261
29.534976
22.915821
21.566193
91.300424
27.070388
91.131602
78.07896
48.050868
33.316305
94.654322
54.149583
63.993764
84.756363
95.861366
68.182901
13.557663
87.084814
73.221041
81.74903
50.080516
42.122688
70.145123
29.580144
55.282174
20.415249
55.610554
19.821702
49.022545
68.686913
37.498536
53.920875
27.407574
74.595519
87.073313
73.381033
93.378285
91.708709
52.513874
33.989826
72.713817
65.2842
73.188847
53.223014
11.55343
65.325542
62.190959
14.333018
43.721158
12.262914
69.790732
11.089058
65.604485
32.900005
93.969832
49.165394
7.923598
98.745961
62.442607
66.652915
63.166718
10.196961
28.560733
7.307577
10.132074
13.039128
46.681364
72.917808
80.689451
53.164342
27.835135
63.776527
78.239062
46.215945
66.01847
54.910716
55.557561
16.495956
68.958399
98.717274
87.938807
31.464654
63.992159
13.479082
37.498937
5.165084
55.79453
94.333569
25.844577
82.228072
3.440125
83.977206
89.273883
76.674011
68.202742
80.350675
45.465041
5.45558
77.81327
33.897377
13.022821
82.95459
29.898113
71.250555
58.666618
18.765716
93.091007
88.199462
6.905669
51.462343
26.917335
28.568944
7.441445
70.64176
72.510371
31.481227
68.215928
59.418147
27.875692
77.91448
24.11677
94.529106
49.377777
1.807551
79.752745
29.103619
22.186154
1.992573
42.111838
29.842329
37.674194
4.789966
78.720226
69.662875
65.959207
41.996319
54.298144
16.671983
36.331858
97.799634
76.682831
70.149426
86.626267
52.278686
32.996741
84.390531
96.294398
41.338875
14.724917
64.350288
25.188288
5.164639
90.112938
37.381282
87.555499
69.527867
9.083122
11.184479
56.327234
0.473615
100.615475
45.431212
44.441461
27.531639
31.410752
81.39143
86.274544
35.711141
87.091121
3.449451
11.489252
97.205206
83.592481
13.954353
94.878126
30.420132
33.771971
79.50785
89.16439
93.517875
19.924766
7.206791
76.335292
58.193796
12.012144
9.775006
69.563913
47.479528
70.589872
60.177952
0.892642
87.339969
62.539709
18.875762
97.868468
12.456495
84.750734
6.866134
88.252405
38.255943
62.541263
34.360993
71.885719
59.30975
86.30687
51.721196
20.87186
44.187964
45.549978
30.61283
92.614456
3.280339
50.934141
27.333272
19.809542
48.620879
44.294719
76.326391
46.577577
6.758804
0.254786
38.724038
90.686213
5.075273
89.360851
14.163023
32.839179
21.118214
